Symbol,Series,Date,Prev Close,Open Price,High Price,Low Price,Last Price,Close Price,Average Price,Total Traded Quantity,Turnover,No. of Trades,Deliverable Qty,% Dly Qt to Traded Qty,,Date,Close Price,upperMargin,lowerMargin,label
HDFCBANK,EQ,26-Aug-19,2162.7,2194.9,2266.15,2167,2259,2256.15,2216.97,6320061,14011405009,231650,3467750,54.87,,26-Aug-19,2256.15,2368.9575,2143.3425,
HDFCBANK,EQ,27-Aug-19,2256.15,2256,2272.9,2240.1,2258,2259.95,2257.98,5165208,11662935038,199581,3252574,62.97,,27-Aug-19,2259.95,2372.9475,2146.9525,FALSE
HDFCBANK,EQ,28-Aug-19,2259.95,2250,2257.35,2226.35,2245,2247.5,2240.16,3415647,7651604388,166668,1934486,56.64,,28-Aug-19,2247.5,2359.875,2135.125,FALSE
HDFCBANK,EQ,29-Aug-19,2247.5,2246,2253.7,2220.3,2225.5,2226.95,2236.05,3695929,8264299894,156003,2120121,57.36,,29-Aug-19,2226.95,2338.2975,2115.6025,FALSE
HDFCBANK,EQ,30-Aug-19,2226.95,2233.5,2260,2222,2231.9,2227.95,2238.3,4808330,10762486798,161307,2865953,59.6,,30-Aug-19,2227.95,2339.3475,2116.5525,FALSE
HDFCBANK,EQ,3-Sep-19,2227.95,2220,2221,2196.15,2200.5,2210.95,2210.2,2857169,6314928163,154531,1973739,69.08,,3-Sep-19,2210.95,2321.4975,2100.4025,FALSE
HDFCBANK,EQ,4-Sep-19,2210.95,2207,2274,2199,2244,2247.75,2242.36,3765176,8442880813,147126,1806149,47.97,,4-Sep-19,2247.75,2360.1375,2135.3625,FALSE
HDFCBANK,EQ,5-Sep-19,2247.75,2249,2272.4,2225,2232,2235.15,2249.57,4324063,9727276038,132274,2233304,51.65,,5-Sep-19,2235.15,2346.9075,2123.3925,FALSE
HDFCBANK,EQ,6-Sep-19,2235.15,2228,2256.6,2221.3,2241.75,2245.9,2240.48,3217501,7208762090,129381,1963939,61.04,,6-Sep-19,2245.9,2358.195,2133.605,FALSE
HDFCBANK,EQ,9-Sep-19,2245.9,2246,2260.9,2216.1,2245.15,2249.6,2246.95,2660851,5978807001,86620,1419605,53.35,,9-Sep-19,2249.6,2362.08,2137.12,FALSE
HDFCBANK,EQ,11-Sep-19,2249.6,2274,2274,2241.15,2246,2251.3,2254.26,3802279,8571339383,169443,2480806,65.25,,11-Sep-19,2251.3,2363.865,2138.735,FALSE
HDFCBANK,EQ,12-Sep-19,2251.3,2250.7,2288.8,2248.15,2267.95,2270.85,2271.76,4533075,10298073928,166034,3043908,67.15,,12-Sep-19,2270.85,2384.3925,2157.3075,FALSE
HDFCBANK,EQ,13-Sep-19,2270.85,2251,2267.45,2238,2259.8,2257.45,2252.89,3842835,8657474068,164332,2253074,58.63,,13-Sep-19,2257.45,2370.3225,2144.5775,FALSE
HDFCBANK,EQ,16-Sep-19,2257.45,2251.9,2262.65,2241,2243,2244.15,2250.46,2757546,6205756889,131945,1635667,59.32,,16-Sep-19,2244.15,2356.3575,2131.9425,FALSE
HDFCBANK,EQ,17-Sep-19,2244.15,2247.9,2248.5,2198.1,2220,2211.35,2220.32,2664139,5915245204,141227,1442352,54.14,,17-Sep-19,2211.35,2321.9175,2100.7825,FALSE
HDFCBANK,EQ,18-Sep-19,2211.35,2217.3,2224.15,2180,2188,2187.75,2203.61,3239971,7139638887,155878,1584011,48.89,,18-Sep-19,2187.75,2297.1375,2078.3625,FALSE
HDFCBANK,EQ,19-Sep-19,2187.75,1099.9,1107.05,1084,1100.05,1101.05,1093.79,5311655,5809819672,172428,2433720,45.82,,19-Sep-19,1101.05,1156.1025,1045.9975,NOTE
HDFCBANK,EQ,20-Sep-19,1101.05,1108,1209.9,1105.4,1202,1199.6,1174.97,23075017,27112448514,495257,10624318,46.04,,20-Sep-19,1199.6,1259.58,1139.62,NOTE
HDFCBANK,EQ,23-Sep-19,1199.6,1259.55,1282.7,1229,1255.3,1257.25,1257.31,20960205,26353536485,399302,11470765,54.73,,23-Sep-19,1257.25,1320.1125,1194.3875,FALSE
HDFCBANK,EQ,24-Sep-19,1257.25,1250,1261.95,1227.55,1252.15,1253.8,1244.36,11689524,14546003121,253765,6331061,54.16,,24-Sep-19,1253.8,1316.49,1191.11,FALSE
HDFCBANK,EQ,25-Sep-19,1253.8,1249.9,1249.9,1230.1,1240,1239.7,1238.04,7804488,9662249393,188354,4384523,56.18,,25-Sep-19,1239.7,1301.685,1177.715,FALSE
HDFCBANK,EQ,26-Sep-19,1239.7,1239.8,1275,1236.35,1246,1242.5,1249.5,15335780,19162065307,267570,6818174,44.46,,26-Sep-19,1242.5,1304.625,1180.375,FALSE
HDFCBANK,EQ,27-Sep-19,1242.5,1248.25,1253.5,1237.6,1245.6,1244.2,1245.87,7436585,9264982099,181792,4340632,58.37,,27-Sep-19,1244.2,1306.41,1181.99,FALSE
HDFCBANK,EQ,30-Sep-19,1244.2,1228.8,1240,1216.5,1227.5,1227.45,1229.6,9109229,11200672639,213075,6091881,66.88,,30-Sep-19,1227.45,1288.8225,1166.0775,FALSE
HDFCBANK,EQ,1-Oct-19,1227.45,1231.5,1255,1221.1,1250.2,1248.8,1241.11,9384176,11646764342,237310,4624217,49.28,,1-Oct-19,1248.8,1311.24,1186.36,FALSE
HDFCBANK,EQ,3-Oct-19,1248.8,1239.95,1243.8,1216.35,1222.9,1223.55,1227.27,8149438,10001593148,288240,4297804,52.74,,3-Oct-19,1223.55,1284.7275,1162.3725,FALSE
HDFCBANK,EQ,4-Oct-19,1223.55,1236.65,1239.6,1185.3,1189.75,1189.7,1209.48,9201816,11129384401,257533,4831347,52.5,,4-Oct-19,1189.7,1249.185,1130.215,FALSE
HDFCBANK,EQ,7-Oct-19,1189.7,1201.2,1219.85,1181.15,1184.55,1186.9,1201.38,11256610,13523469540,216482,5007897,44.49,,7-Oct-19,1186.9,1246.245,1127.555,FALSE
HDFCBANK,EQ,9-Oct-19,1186.9,1197.1,1229.9,1190,1228.2,1228.15,1211.14,8713635,10553402883,241068,4674399,53.64,,9-Oct-19,1228.15,1289.5575,1166.7425,FALSE
HDFCBANK,EQ,10-Oct-19,1228.15,1221.8,1225.95,1197.2,1203,1200.55,1204.54,5778429,6960322086,173146,3089486,53.47,,10-Oct-19,1200.55,1260.5775,1140.5225,FALSE
HDFCBANK,EQ,11-Oct-19,1200.55,1213.4,1224,1188.95,1198.15,1198.8,1206.12,8593159,10364407655,195427,4487710,52.22,,11-Oct-19,1198.8,1258.74,1138.86,FALSE
HDFCBANK,EQ,14-Oct-19,1198.8,1209,1219.9,1197.4,1204.4,1204.4,1211.27,6133901,7429783513,159516,3049256,49.71,,14-Oct-19,1204.4,1264.62,1144.18,FALSE
HDFCBANK,EQ,15-Oct-19,1204.4,1207,1225,1206.85,1223.7,1223.05,1217.66,4200187,5114380373,121277,2048447,48.77,,15-Oct-19,1223.05,1284.2025,1161.8975,FALSE
HDFCBANK,EQ,16-Oct-19,1223.05,1231.65,1235,1210.1,1221.5,1221.1,1222.27,5293408,6469999257,158557,2351286,44.42,,16-Oct-19,1221.1,1282.155,1160.045,FALSE
HDFCBANK,EQ,17-Oct-19,1221.1,1227.5,1229.85,1213.1,1221.5,1220,1221.84,6121807,7479843101,174349,3289207,53.73,,17-Oct-19,1220,1281,1159,FALSE
HDFCBANK,EQ,18-Oct-19,1220,1225.45,1233.85,1220.35,1229,1229,1227.68,5616903,6895782777,126554,3117700,55.51,,18-Oct-19,1229,1290.45,1167.55,FALSE
HDFCBANK,EQ,22-Oct-19,1229,1257,1257,1232.6,1239.9,1239.3,1244.3,10003114,12446872788,235749,5139082,51.37,,22-Oct-19,1239.3,1301.265,1177.335,FALSE
HDFCBANK,EQ,23-Oct-19,1239.3,1246.85,1249.75,1233,1245,1241.6,1242.17,5095107,6329004765,165735,2808097,55.11,,23-Oct-19,1241.6,1303.68,1179.52,FALSE
HDFCBANK,EQ,24-Oct-19,1241.6,1248,1254.15,1226.35,1235,1236.1,1241.78,6553747,8138285935,169086,2964030,45.23,,24-Oct-19,1236.1,1297.905,1174.295,FALSE
HDFCBANK,EQ,25-Oct-19,1236.1,1240,1246.85,1220,1227.9,1229,1234.93,6496771,8023045592,168865,3674313,56.56,,25-Oct-19,1229,1290.45,1167.55,FALSE
HDFCBANK,EQ,27-Oct-19,1229,1239.95,1241.9,1235,1238,1237.7,1238.06,875425,1083824484,32899,478938,54.71,,27-Oct-19,1237.7,1299.585,1175.815,FALSE
HDFCBANK,EQ,29-Oct-19,1237.7,1238,1257.35,1237.7,1242.55,1242.5,1246.85,7116284,8872915233,163100,4595216,64.57,,29-Oct-19,1242.5,1304.625,1180.375,FALSE
HDFCBANK,EQ,30-Oct-19,1242.5,1246.9,1262.7,1243,1249.8,1248.35,1253.11,6005683,7525760736,153142,3382532,56.32,,30-Oct-19,1248.35,1310.7675,1185.9325,FALSE
HDFCBANK,EQ,31-Oct-19,1248.35,1257.7,1263.9,1227.1,1230,1230.35,1247.19,6608853,8242505540,149423,3851537,58.28,,31-Oct-19,1230.35,1291.8675,1168.8325,FALSE
HDFCBANK,EQ,1-Nov-19,1230.35,1239,1243.75,1227.6,1243,1240.05,1235.87,5756130,7113824717,144831,3699600,64.27,,1-Nov-19,1240.05,1302.0525,1178.0475,FALSE
HDFCBANK,EQ,4-Nov-19,1240.05,1246.45,1250,1229.05,1237.95,1236.85,1239.18,4967588,6155741415,160851,2736666,55.09,,4-Nov-19,1236.85,1298.6925,1175.0075,FALSE
HDFCBANK,EQ,5-Nov-19,1236.85,1241,1244.8,1229.05,1240,1239.5,1236.72,6183905,7647753429,116040,4013870,64.91,,5-Nov-19,1239.5,1301.475,1177.525,FALSE
HDFCBANK,EQ,6-Nov-19,1239.5,1242.45,1259,1228.05,1256.5,1256.65,1243.91,6065168,7544516055,106886,3530632,58.21,,6-Nov-19,1256.65,1319.4825,1193.8175,FALSE
HDFCBANK,EQ,7-Nov-19,1256.65,1261,1269.7,1250,1262.05,1263.7,1260.3,8481517,10689227499,158059,5309958,62.61,,7-Nov-19,1263.7,1326.885,1200.515,NOTE
HDFCBANK,EQ,8-Nov-19,1263.7,1259,1267,1251.45,1254.85,1255.6,1258.28,6625748,8337070330,123060,4276184,64.54,,8-Nov-19,1255.6,1318.38,1192.82,FALSE
HDFCBANK,EQ,11-Nov-19,1255.6,1252.55,1268.5,1250.5,1265.3,1264.75,1260.58,7143305,9004703936,87967,5175501,72.45,,11-Nov-19,1264.75,1327.9875,1201.5125,FALSE
HDFCBANK,EQ,13-Nov-19,1264.75,1261.95,1270,1253.6,1258,1257.55,1260.9,4646748,5859068448,123817,2809517,60.46,,13-Nov-19,1257.55,1320.4275,1194.6725,FALSE
HDFCBANK,EQ,14-Nov-19,1257.55,1263.8,1277,1257.2,1275,1273.9,1267.09,5527609,7003995795,124827,2793186,50.53,,14-Nov-19,1273.9,1337.595,1210.205,FALSE
HDFCBANK,EQ,15-Nov-19,1273.9,1283.85,1285,1271.1,1279.75,1277.9,1279.78,4639506,5937530375,116607,2357045,50.8,,15-Nov-19,1277.9,1341.795,1214.005,FALSE
HDFCBANK,EQ,18-Nov-19,1277.9,1277,1279.45,1258.7,1262.65,1262.05,1264.6,4565146,5773101977,143584,2914231,63.84,,18-Nov-19,1262.05,1325.1525,1198.9475,FALSE
HDFCBANK,EQ,19-Nov-19,1262.05,1265.3,1275,1261.1,1274.75,1271.9,1269.59,5285289,6710158704,130282,3543343,67.04,,19-Nov-19,1271.9,1335.495,1208.305,FALSE
HDFCBANK,EQ,20-Nov-19,1271.9,1273,1282.95,1267,1275,1273.35,1274,5527129,7041572649,109397,3707282,67.07,,20-Nov-19,1273.35,1337.0175,1209.6825,FALSE
HDFCBANK,EQ,21-Nov-19,1273.35,1270.25,1287,1268.35,1281.95,1283.35,1279.3,6009763,7688314981,128228,3782409,62.94,,21-Nov-19,1283.35,1347.5175,1219.1825,FALSE
HDFCBANK,EQ,22-Nov-19,1283.35,1283.65,1283.65,1262,1266.5,1264.75,1269.56,3844005,4880191775,101153,2523967,65.66,,22-Nov-19,1264.75,1327.9875,1201.5125,FALSE
HDFCBANK,EQ,25-Nov-19,1264.75,1264.15,1279.5,1264.15,1272.9,1271.1,1272.73,3946778,5023175475,112947,2229882,56.5,,25-Nov-19,1271.1,1334.655,1207.545,FALSE
HDFCBANK,EQ,26-Nov-19,1271.1,1278.45,1279.75,1266.95,1276,1275.05,1273.47,4358001,5549764593,162619,2724001,62.51,,26-Nov-19,1275.05,1338.8025,1211.2975,FALSE
HDFCBANK,EQ,27-Nov-19,1275.05,1276,1285.75,1271.2,1278.6,1278.4,1277.74,4790333,6120781425,123094,3146643,65.69,,27-Nov-19,1278.4,1342.32,1214.48,FALSE
HDFCBANK,EQ,28-Nov-19,1278.4,1280.2,1283.05,1262,1267.75,1265.3,1269.05,6183020,7846573349,126121,3861436,62.45,,28-Nov-19,1265.3,1328.565,1202.035,FALSE
HDFCBANK,EQ,29-Nov-19,1265.3,1267.7,1279.9,1252,1275,1274.95,1267.91,7783813,9869209148,179493,4492258,57.71,,29-Nov-19,1274.95,1338.6975,1211.2025,FALSE
HDFCBANK,EQ,2-Dec-19,1274.95,1273.95,1273.95,1258.6,1262.55,1265.75,1265,4473102,5658467295,140206,2821604,63.08,,2-Dec-19,1265.75,1329.0375,1202.4625,FALSE
HDFCBANK,EQ,3-Dec-19,1265.75,1268.2,1269,1253.8,1255.1,1255.4,1257.55,3495953,4396324269,145022,2455214,70.23,,3-Dec-19,1255.4,1318.17,1192.63,FALSE
HDFCBANK,EQ,4-Dec-19,1255.4,1252.5,1256.9,1234.2,1251.65,1251.65,1244.89,5697807,7093157131,160001,3431195,60.22,,4-Dec-19,1251.65,1314.2325,1189.0675,FALSE
HDFCBANK,EQ,5-Dec-19,1251.65,1255.6,1258.75,1240.75,1244.9,1245.6,1249.82,6386247,7981674760,135982,2989674,46.81,,5-Dec-19,1245.6,1307.88,1183.32,FALSE
HDFCBANK,EQ,6-Dec-19,1245.6,1248.95,1260,1238.2,1245.4,1246.05,1250.9,6887325,8615373629,148575,4626402,67.17,,6-Dec-19,1246.05,1308.3525,1183.7475,FALSE
HDFCBANK,EQ,9-Dec-19,1246.05,1249.5,1249.85,1237.55,1243.5,1242.95,1242.41,4132675,5134473126,91238,2690691,65.11,,9-Dec-19,1242.95,1305.0975,1180.8025,FALSE
HDFCBANK,EQ,10-Dec-19,1242.95,1251,1253.65,1245.1,1250.1,1249.5,1249.14,4894450,6113859551,137774,3433356,70.15,,10-Dec-19,1249.5,1311.975,1187.025,FALSE
HDFCBANK,EQ,11-Dec-19,1249.5,1250.1,1254,1242.5,1250.55,1248.75,1248.04,5527321,6898336218,160384,4132402,74.76,,11-Dec-19,1248.75,1311.1875,1186.3125,FALSE
HDFCBANK,EQ,12-Dec-19,1248.75,1253,1269.45,1253,1265.8,1263.6,1261.92,6456574,8147695876,142217,4174002,64.65,,12-Dec-19,1263.6,1326.78,1200.42,FALSE
HDFCBANK,EQ,13-Dec-19,1263.6,1265,1272.35,1259.25,1263.1,1263.85,1266.95,5887593,7459262687,104179,4094699,69.55,,13-Dec-19,1263.85,1327.0425,1200.6575,FALSE
HDFCBANK,EQ,16-Dec-19,1263.85,1269.25,1270,1248.2,1258.7,1257.35,1256.17,5663788,7114678290,246978,3778135,66.71,,16-Dec-19,1257.35,1320.2175,1194.4825,FALSE
HDFCBANK,EQ,17-Dec-19,1257.35,1260,1274.8,1255.35,1271.75,1271.1,1267.95,6213677,7878637927,169567,4315153,69.45,,17-Dec-19,1271.1,1334.655,1207.545,FALSE
HDFCBANK,EQ,18-Dec-19,1271.1,1283,1299,1273.65,1292.7,1292.35,1287.03,8723586,11227488010,201690,5314964,60.93,,18-Dec-19,1292.35,1356.9675,1227.7325,FALSE
HDFCBANK,EQ,19-Dec-19,1292.35,1305,1305.5,1286.1,1288.5,1288.8,1296.05,6509188,8436211795,151485,3523544,54.13,,19-Dec-19,1288.8,1353.24,1224.36,FALSE
HDFCBANK,EQ,20-Dec-19,1288.8,1288.75,1299.6,1280.05,1296.45,1296.7,1292.36,7513022,9709492967,141458,5167224,68.78,,20-Dec-19,1296.7,1361.535,1231.865,FALSE
HDFCBANK,EQ,23-Dec-19,1296.7,1299,1304,1288.8,1301.5,1302.4,1298.01,5097891,6617101355,126370,3173217,62.25,,23-Dec-19,1302.4,1367.52,1237.28,FALSE
HDFCBANK,EQ,24-Dec-19,1302.4,1298.6,1301.1,1286.95,1290,1289.15,1293.83,3589604,4644339998,91053,2207659,61.5,,24-Dec-19,1289.15,1353.6075,1224.6925,FALSE
HDFCBANK,EQ,26-Dec-19,1289.15,1289.7,1291.85,1264.65,1269.85,1270.45,1274.91,7474879,9529779206,126918,4019243,53.77,,26-Dec-19,1270.45,1333.9725,1206.9275,FALSE
HDFCBANK,EQ,27-Dec-19,1270.45,1272,1279,1270,1275.75,1275,1275.3,3546496,4522859102,104711,2510820,70.8,,27-Dec-19,1275,1338.75,1211.25,FALSE
HDFCBANK,EQ,30-Dec-19,1275,1282,1288.75,1274.05,1284.9,1282.15,1282.1,4667095,5983704060,116012,2945151,63.1,,30-Dec-19,1282.15,1346.2575,1218.0425,FALSE
HDFCBANK,EQ,31-Dec-19,1282.15,1281.95,1281.95,1268.65,1275.5,1272.1,1272.87,4178528,5318720964,127264,2666838,63.82,,31-Dec-19,1272.1,1335.705,1208.495,FALSE
HDFCBANK,EQ,1-Jan-20,1272.1,1276.1,1280,1270.6,1279,1278.6,1276.64,1836849,2345000989,46625,809152,44.05,,1-Jan-20,1278.6,1342.53,1214.67,FALSE
HDFCBANK,EQ,2-Jan-20,1278.6,1279,1288,1279,1286,1286.75,1284.56,3068583,3941791536,104570,1957617,63.8,,2-Jan-20,1286.75,1351.0875,1222.4125,FALSE
HDFCBANK,EQ,3-Jan-20,1286.75,1282.2,1285,1263.6,1268.5,1268.4,1270.48,5427775,6895885754,157066,3459267,63.73,,3-Jan-20,1268.4,1331.82,1204.98,FALSE
HDFCBANK,EQ,6-Jan-20,1268.4,1260,1261.8,1236,1240.25,1240.95,1247.24,5445093,6791347831,155007,3647637,66.99,,6-Jan-20,1240.95,1302.9975,1178.9025,FALSE
HDFCBANK,EQ,7-Jan-20,1240.95,1258.9,1271.45,1252.25,1261,1260.6,1261.48,7362247,9287301544,189026,3790730,51.49,,7-Jan-20,1260.6,1323.63,1197.57,FALSE
HDFCBANK,EQ,8-Jan-20,1260.6,1246.95,1262.15,1240.05,1256,1257.3,1253.71,5666055,7103612130,141795,3549321,62.64,,8-Jan-20,1257.3,1320.165,1194.435,FALSE
HDFCBANK,EQ,9-Jan-20,1257.3,1265,1275.8,1263.1,1271.8,1271.4,1271.27,4773158,6067965129,125829,2650051,55.52,,9-Jan-20,1271.4,1334.97,1207.83,FALSE
HDFCBANK,EQ,10-Jan-20,1271.4,1284.1,1286.9,1275.1,1281,1282.7,1282.11,4607290,5907037339,123583,2857227,62.02,,10-Jan-20,1282.7,1346.835,1218.565,FALSE
HDFCBANK,EQ,13-Jan-20,1282.7,1282.7,1296.5,1276,1287,1286,1289.33,3725784,4803755675,107121,2215612,59.47,,13-Jan-20,1286,1350.3,1221.7,FALSE
HDFCBANK,EQ,14-Jan-20,1286,1289,1292.55,1277.5,1288,1289.5,1284.81,3943145,5066203793,91722,2573348,65.26,,14-Jan-20,1289.5,1353.975,1225.025,FALSE
HDFCBANK,EQ,15-Jan-20,1289.5,1286.4,1287.95,1274.1,1285.05,1284.25,1280.62,5893724,7547649403,105548,3970136,67.36,,15-Jan-20,1284.25,1348.4625,1220.0375,FALSE
HDFCBANK,EQ,16-Jan-20,1284.25,1282.05,1291,1279.35,1287.5,1287.65,1285.32,3575200,4595266983,93131,2251808,62.98,,16-Jan-20,1287.65,1352.0325,1223.2675,FALSE
HDFCBANK,EQ,17-Jan-20,1287.65,1281.75,1284.9,1271.9,1277.4,1278.15,1277.38,8459407,10805901964,136379,6692529,79.11,,17-Jan-20,1278.15,1342.0575,1214.2425,FALSE
HDFCBANK,EQ,20-Jan-20,1278.15,1304.85,1304.85,1252.5,1257.35,1254.9,1265,11089225,14027827939,245672,5796841,52.27,,20-Jan-20,1254.9,1317.645,1192.155,FALSE
HDFCBANK,EQ,21-Jan-20,1254.9,1250,1250,1238.4,1244.9,1244.35,1244.14,7492402,9321621105,216589,4587266,61.23,,21-Jan-20,1244.35,1306.5675,1182.1325,FALSE
HDFCBANK,EQ,22-Jan-20,1244.35,1248.05,1255,1234.4,1241.85,1240.85,1243.37,9184155,11419277035,146555,6562205,71.45,,22-Jan-20,1240.85,1302.8925,1178.8075,FALSE
HDFCBANK,EQ,23-Jan-20,1240.85,1240,1246.85,1231,1245.35,1244.85,1240.93,5754460,7140906438,176401,3535947,61.45,,23-Jan-20,1244.85,1307.0925,1182.6075,FALSE
HDFCBANK,EQ,24-Jan-20,1244.85,1246,1254,1239.1,1245.8,1244.55,1247.28,5915878,7378771197,138884,3935384,66.52,,24-Jan-20,1244.55,1306.7775,1182.3225,FALSE
HDFCBANK,EQ,27-Jan-20,1244.55,1235,1235,1211.75,1213.5,1213.2,1220.97,9444276,11531192819,268331,6145074,65.07,,27-Jan-20,1213.2,1273.86,1152.54,FALSE
HDFCBANK,EQ,28-Jan-20,1213.2,1218.8,1227.8,1213.25,1223.1,1223.2,1221.37,6706079,8190599143,219199,3712912,55.37,,28-Jan-20,1223.2,1284.36,1162.04,FALSE
HDFCBANK,EQ,29-Jan-20,1223.2,1225.3,1242,1222.25,1235.8,1235.85,1235.01,6894175,8514372123,155174,4588335,66.55,,29-Jan-20,1235.85,1297.6425,1174.0575,FALSE
HDFCBANK,EQ,30-Jan-20,1235.85,1238.95,1238.95,1217.2,1227.9,1226.05,1224.75,6055992,7417090655,195593,3937675,65.02,,30-Jan-20,1226.05,1287.3525,1164.7475,FALSE
HDFCBANK,EQ,31-Jan-20,1226.05,1231.45,1237.8,1220.25,1224.25,1226.3,1230.24,5589134,6876000868,169641,3563738,63.76,,31-Jan-20,1226.3,1287.615,1164.985,FALSE
HDFCBANK,EQ,1-Feb-20,1226.3,1220,1227.7,1191.35,1192.5,1198.7,1210.2,4913643,5946467662,132683,2536143,51.61,,1-Feb-20,1198.7,1258.635,1138.765,NOTE
HDFCBANK,EQ,3-Feb-20,1198.7,1197,1197.95,1177.7,1194,1192.8,1188.67,6538505,7772096364,251382,4024345,61.55,,3-Feb-20,1192.8,1252.44,1133.16,FALSE
HDFCBANK,EQ,4-Feb-20,1192.8,1198,1234,1198,1229,1229.8,1222,10448852,12768529291,173447,6900844,66.04,,4-Feb-20,1229.8,1291.29,1168.31,FALSE
HDFCBANK,EQ,5-Feb-20,1229.8,1234.9,1248,1227.3,1246,1244.65,1237.42,9010341,11149564568,150882,6955471,77.19,,5-Feb-20,1244.65,1306.8825,1182.4175,FALSE
HDFCBANK,EQ,6-Feb-20,1244.65,1244.65,1248.7,1237.2,1239.95,1239.8,1242.01,5913775,7344982425,126190,3640808,61.56,,6-Feb-20,1239.8,1301.79,1177.81,FALSE
HDFCBANK,EQ,7-Feb-20,1239.8,1246,1247,1231.6,1240,1242.2,1238.21,3407724,4219486811,81299,2193596,64.37,,7-Feb-20,1242.2,1304.31,1180.09,FALSE
HDFCBANK,EQ,10-Feb-20,1242.2,1242.95,1242.95,1226.05,1240.95,1240.3,1235.68,4609917,5696388108,105140,3208623,69.6,,10-Feb-20,1240.3,1302.315,1178.285,FALSE
HDFCBANK,EQ,11-Feb-20,1240.3,1243.3,1255,1238.05,1239.9,1240.6,1246.8,5806760,7239873153,98063,3770138,64.93,,11-Feb-20,1240.6,1302.63,1178.57,FALSE
HDFCBANK,EQ,12-Feb-20,1240.6,1245.2,1252.9,1244.05,1249,1249,1249.42,3148965,3934383167,87413,2114375,67.15,,12-Feb-20,1249,1311.45,1186.55,FALSE
HDFCBANK,EQ,13-Feb-20,1249,1259.9,1259.9,1233.6,1239.5,1241.4,1241.95,4556070,5658432160,97099,2850913,62.57,,13-Feb-20,1241.4,1303.47,1179.33,FALSE
HDFCBANK,EQ,14-Feb-20,1241.4,1243.2,1248.4,1215,1219.45,1219.35,1227.78,7344429,9017358547,167779,4783189,65.13,,14-Feb-20,1219.35,1280.3175,1158.3825,FALSE
HDFCBANK,EQ,17-Feb-20,1219.35,1225,1233,1214.45,1218,1217.15,1221.46,5076345,6200535025,157333,3075780,60.59,,17-Feb-20,1217.15,1278.0075,1156.2925,FALSE
HDFCBANK,EQ,18-Feb-20,1217.15,1216.9,1218.5,1203.5,1217.05,1213.25,1209.57,5264558,6367872772,119172,3704300,70.36,,18-Feb-20,1213.25,1273.9125,1152.5875,FALSE
HDFCBANK,EQ,19-Feb-20,1213.25,1222.5,1230,1213.9,1227.2,1227.2,1221.68,5006134,6115909249,101692,3444477,68.81,,19-Feb-20,1227.2,1288.56,1165.84,FALSE
HDFCBANK,EQ,20-Feb-20,1227.2,1230,1230,1214.1,1217,1217.1,1221.38,5561707,6792970360,146273,3240543,58.27,,20-Feb-20,1217.1,1277.955,1156.245,FALSE
HDFCBANK,EQ,24-Feb-20,1217.1,1208.95,1214.75,1200,1210.25,1209.95,1205.66,8284042,9987753564,199969,6242053,75.35,,24-Feb-20,1209.95,1270.4475,1149.4525,FALSE
HDFCBANK,EQ,25-Feb-20,1209.95,1204,1209,1198,1201.8,1200.3,1201.07,6943340,8339458218,193249,5185085,74.68,,25-Feb-20,1200.3,1260.315,1140.285,FALSE
HDFCBANK,EQ,26-Feb-20,1200.3,1197.5,1204.7,1185.65,1201.1,1199.25,1195.09,6907393,8254956319,191519,4691104,67.91,,26-Feb-20,1199.25,1259.2125,1139.2875,FALSE
HDFCBANK,EQ,27-Feb-20,1199.25,1195,1202.5,1181,1199.65,1199.45,1191.25,10327549,12302665880,241038,6138007,59.43,,27-Feb-20,1199.45,1259.4225,1139.4775,FALSE
HDFCBANK,EQ,28-Feb-20,1199.45,1175.5,1185,1170.1,1178.8,1177.65,1176.25,12156528,14299167014,276737,8662385,71.26,,28-Feb-20,1177.65,1236.5325,1118.7675,FALSE
HDFCBANK,EQ,2-Mar-20,1177.65,1200.2,1201.15,1166.15,1185,1179.6,1184.61,7332449,8686077366,197905,4540186,61.92,,2-Mar-20,1179.6,1238.58,1120.62,FALSE
HDFCBANK,EQ,3-Mar-20,1179.6,1175,1185.35,1168,1182.5,1181.8,1178.14,11184775,13177181998,233028,7497411,67.03,,3-Mar-20,1181.8,1240.89,1122.71,FALSE
HDFCBANK,EQ,4-Mar-20,1181.8,1178.35,1180,1133.1,1149.15,1148.85,1152.73,17144435,19762846785,503032,11834147,69.03,,4-Mar-20,1148.85,1206.2925,1091.4075,FALSE
HDFCBANK,EQ,5-Mar-20,1148.85,1153,1165,1142.75,1149,1151.35,1155.77,9774854,11297450389,262470,5681138,58.12,,5-Mar-20,1151.35,1208.9175,1093.7825,FALSE
HDFCBANK,EQ,6-Mar-20,1151.35,1125,1140.9,1101,1134,1134.9,1124.34,11526783,12959999027,272373,6744175,58.51,,6-Mar-20,1134.9,1191.645,1078.155,NOTE
HDFCBANK,EQ,9-Mar-20,1134.9,1110,1118.4,1065,1112,1107.3,1094.8,17210297,18841871874,427518,11111864,64.57,,9-Mar-20,1107.3,1162.665,1051.935,FALSE
HDFCBANK,EQ,11-Mar-20,1107.3,1105,1120,1092,1110,1113.8,1105.77,17769198,19648640086,344285,12492811,70.31,,11-Mar-20,1113.8,1169.49,1058.11,FALSE
HDFCBANK,EQ,12-Mar-20,1113.8,1075,1080,1003.45,1032,1021.3,1036.26,29500406,30570004193,503472,18695622,63.37,,12-Mar-20,1021.3,1072.365,970.235,NOTE
HDFCBANK,EQ,13-Mar-20,1021.3,980.05,1081.45,919.2,1074,1069.8,1018.3,33171603,33778614285,541649,18672328,56.29,,13-Mar-20,1069.8,1123.29,1016.31,FALSE
HDFCBANK,EQ,16-Mar-20,1069.8,1035,1037,995,1001.25,999.5,1013.09,15993174,16202484604,430742,9357160,58.51,,16-Mar-20,999.5,1049.475,949.525,FALSE
HDFCBANK,EQ,17-Mar-20,999.5,1008,1010,954.7,976.2,975.1,982.62,21338641,20967841371,447922,11352389,53.2,,17-Mar-20,975.1,1023.855,926.345,FALSE
HDFCBANK,EQ,18-Mar-20,975.1,985,993,865,898.5,876.9,916.25,30593809,28031432119,652391,18513396,60.51,,18-Mar-20,876.9,920.745,833.055,NOTE
HDFCBANK,EQ,19-Mar-20,876.9,847,919.95,795,904.6,895.55,857.03,33610239,28805078999,632617,16243587,48.33,,19-Mar-20,895.55,940.3275,850.7725,FALSE
HDFCBANK,EQ,20-Mar-20,895.55,875,914.6,824.55,881.25,882.85,868.05,44319015,38471082495,790631,18885164,42.61,,20-Mar-20,882.85,926.9925,838.7075,FALSE
HDFCBANK,EQ,23-Mar-20,882.85,794.6,838.75,765,778.9,771.55,784.5,25142273,19724138349,590210,15218583,60.53,,23-Mar-20,771.55,810.1275,732.9725,NOTE
HDFCBANK,EQ,24-Mar-20,771.55,795.25,810,738.75,774.8,767.7,775.82,30528676,23684712047,634897,15424639,50.53,,24-Mar-20,767.7,806.085,729.315,FALSE
HDFCBANK,EQ,25-Mar-20,767.7,770.45,867.45,755.25,863,856.75,803.92,23614449,18984055134,608039,10925368,46.27,,25-Mar-20,856.75,899.5875,813.9125,FALSE
HDFCBANK,EQ,26-Mar-20,856.75,870.1,937.7,841,898,901.1,898.62,28521681,25630140173,627160,12010671,42.11,,26-Mar-20,901.1,946.155,856.045,NOTE
HDFCBANK,EQ,27-Mar-20,901.1,944.95,988.65,872.1,900,904.45,923.14,27619436,25496667368,651440,9442614,34.19,,27-Mar-20,904.45,949.6725,859.2275,FALSE
HDFCBANK,EQ,30-Mar-20,904.45,880,887,828,831,831.65,858.48,19634313,16855655095,491743,9022080,45.95,,30-Mar-20,831.65,873.2325,790.0675,NOTE
HDFCBANK,EQ,31-Mar-20,831.65,853.8,873.6,838,857.95,861.9,854.73,17605997,15048445041,411360,8065907,45.81,,31-Mar-20,861.9,904.995,818.805,FALSE
HDFCBANK,EQ,1-Apr-20,861.9,863.85,863.85,820,829.55,829.65,831.99,14551758,12106933301,354947,5957515,40.94,,1-Apr-20,829.65,871.1325,788.1675,FALSE
HDFCBANK,EQ,3-Apr-20,829.65,843,844,810,811,813.85,825.26,17499063,14441317976,392455,8690196,49.66,,3-Apr-20,813.85,854.5425,773.1575,FALSE
HDFCBANK,EQ,7-Apr-20,813.85,874,907.3,845.35,895.8,896.1,871.57,30206626,26327315326,475198,17083041,56.55,,7-Apr-20,896.1,940.905,851.295,FALSE
HDFCBANK,EQ,8-Apr-20,896.1,879.95,945,866.1,888.7,888.9,902.09,28109877,25357609085,503019,11952742,42.52,,8-Apr-20,888.9,933.345,844.455,NOTE
HDFCBANK,EQ,9-Apr-20,888.9,913,930.9,890,922.1,925.05,913.38,22229012,20303462865,417910,7759278,34.91,,9-Apr-20,925.05,971.3025,878.7975,FALSE
HDFCBANK,EQ,13-Apr-20,925.05,934,946.7,886.2,897.8,895.35,907.82,17079259,15504828499,389148,6261962,36.66,,13-Apr-20,895.35,940.1175,850.5825,FALSE
HDFCBANK,EQ,15-Apr-20,895.35,930.5,930.5,843,865.15,863.3,885.42,28989523,25667931188,517354,13261188,45.74,,15-Apr-20,863.3,906.465,820.135,FALSE
HDFCBANK,EQ,16-Apr-20,863.3,865,890.7,856.25,884.25,879.75,870.76,26927231,23447030481,467724,12899088,47.9,,16-Apr-20,879.75,923.7375,835.7625,FALSE
HDFCBANK,EQ,17-Apr-20,879.75,915,920,887.25,915.1,910.3,906.63,27941831,25333029145,453652,13482185,48.25,,17-Apr-20,910.3,955.815,864.785,FALSE
HDFCBANK,EQ,20-Apr-20,910.3,951,960.95,935,943.3,944.85,945.7,33116614,31318495818,555965,13530602,40.86,,20-Apr-20,944.85,992.0925,897.6075,FALSE
HDFCBANK,EQ,21-Apr-20,944.85,925,934,908,919.15,921.65,922.24,16589148,15299196200,291815,7314644,44.09,,21-Apr-20,921.65,967.7325,875.5675,NOTE
HDFCBANK,EQ,22-Apr-20,921.65,919.15,933,907.3,929.75,928.6,920.24,19144678,17617671416,258479,10177427,53.16,,22-Apr-20,928.6,975.03,882.17,FALSE
HDFCBANK,EQ,23-Apr-20,928.6,935,958.5,912.55,952.1,954.95,939.81,20450895,19219911302,424855,9826569,48.05,,23-Apr-20,954.95,1002.6975,907.2025,FALSE
HDFCBANK,EQ,24-Apr-20,954.95,933,958.4,926,937,938.05,938.02,16642831,15611268244,293787,8000341,48.07,,24-Apr-20,938.05,984.9525,891.1475,FALSE
HDFCBANK,EQ,27-Apr-20,938.05,945.15,957.4,926.3,929.95,929.7,941.28,13710727,12905669877,266336,6056487,44.17,,27-Apr-20,929.7,976.185,883.215,FALSE
HDFCBANK,EQ,28-Apr-20,929.7,943.8,943.8,922,933.3,931.4,930.5,14720773,13697606349,239400,6302095,42.81,,28-Apr-20,931.4,977.97,884.83,FALSE
HDFCBANK,EQ,29-Apr-20,931.4,935,992.7,934.1,970.05,977.1,964.08,27939019,26935417995,450180,10960329,39.23,,29-Apr-20,977.1,1025.955,928.245,FALSE
HDFCBANK,EQ,30-Apr-20,977.1,1001.4,1019,992.1,1000,1001.8,1006.05,21897643,22030130436,451072,8534959,38.98,,30-Apr-20,1001.8,1051.89,951.71,NOTE
HDFCBANK,EQ,4-May-20,1001.8,957.5,960,917.5,924.9,923,932.42,13361177,12458166946,383166,6246738,46.75,,4-May-20,923,969.15,876.85,NOTE
HDFCBANK,EQ,5-May-20,923,938,944,908.05,914.5,911.45,928.05,14837190,13769583592,298424,4848835,32.68,,5-May-20,911.45,957.0225,865.8775,FALSE
HDFCBANK,EQ,6-May-20,911.45,919,950,905.65,946.55,946.4,936.39,16893140,15818501983,310813,4169602,24.68,,6-May-20,946.4,993.72,899.08,FALSE
HDFCBANK,EQ,7-May-20,946.4,940.5,943.3,921.35,927.3,925,930.31,10916003,10155309606,226640,3399155,31.14,,7-May-20,925,971.25,878.75,NOTE
HDFCBANK,EQ,8-May-20,925,942,943.95,925.2,930,929.05,932.46,10403747,9701068995,176643,3723731,35.79,,8-May-20,929.05,975.5025,882.5975,FALSE
HDFCBANK,EQ,11-May-20,929.05,937,954,914,915.9,915.8,934.32,14275392,13337759316,316129,5926950,41.52,,11-May-20,915.8,961.59,870.01,FALSE
HDFCBANK,EQ,12-May-20,915.8,901,909.4,871.1,902.5,901.55,888.33,24784324,22016571133,516512,9460568,38.17,,12-May-20,901.55,946.6275,856.4725,FALSE
HDFCBANK,EQ,13-May-20,901.55,951,960,922.1,928.95,927.65,938.46,22173554,20809009863,396148,9094925,41.02,,13-May-20,927.65,974.0325,881.2675,FALSE
HDFCBANK,EQ,14-May-20,927.65,898,911,890,893.85,893.7,899.79,19777445,17795529260,364023,8394283,42.44,,14-May-20,893.7,938.385,849.015,FALSE
HDFCBANK,EQ,15-May-20,893.7,890.5,892.4,875,888,888.15,885,12174870,10774797135,280499,4280446,35.16,,15-May-20,888.15,932.5575,843.7425,FALSE
HDFCBANK,EQ,18-May-20,888.15,888,888,831.3,838,836.65,847.83,23326656,19776954026,533951,10660724,45.7,,18-May-20,836.65,878.4825,794.8175,NOTE
HDFCBANK,EQ,19-May-20,836.65,860.85,867.3,826.1,832.85,830.65,846.32,23730561,20083766361,415550,8905443,37.53,,19-May-20,830.65,872.1825,789.1175,FALSE
HDFCBANK,EQ,20-May-20,830.65,836.45,864,832.2,863.5,857.1,844.42,20007413,16894738593,359835,8748975,43.73,,20-May-20,857.1,899.955,814.245,FALSE
HDFCBANK,EQ,21-May-20,857.1,861.45,884,852.3,860.4,859.55,870.64,24239683,21104074911,416994,10837256,44.71,,21-May-20,859.55,902.5275,816.5725,FALSE
HDFCBANK,EQ,22-May-20,859.55,850,870.3,833.05,842.65,838.85,844.52,21025849,17756809302,382888,5893652,28.03,,22-May-20,838.85,880.7925,796.9075,FALSE
HDFCBANK,EQ,26-May-20,838.85,857,871.75,848.75,858,852.4,860.62,19002589,16354024458,303415,7852814,41.32,,26-May-20,852.4,895.02,809.78,FALSE
HDFCBANK,EQ,27-May-20,852.4,859.9,909.8,857.15,901.4,903.65,881.85,28013227,24703584078,388895,11070917,39.52,,27-May-20,903.65,948.8325,858.4675,FALSE
HDFCBANK,EQ,28-May-20,903.65,920,950,913.95,947.5,945.25,938.36,37744926,35418447869,631552,15665889,41.5,,28-May-20,945.25,992.5125,897.9875,NOTE
HDFCBANK,EQ,29-May-20,945.25,944,955,923.45,947.1,951.65,937.44,26512600,24853972530,352639,10530145,39.72,,29-May-20,951.65,999.2325,904.0675,FALSE
HDFCBANK,EQ,1-Jun-20,951.65,975,995,966.1,984.05,987.65,987.51,19595373,19350540626,294542,6299582,32.15,,1-Jun-20,987.65,1037.0325,938.2675,FALSE
HDFCBANK,EQ,2-Jun-20,987.65,986.7,1005,975.2,1005,1001,993.25,20811909,20671440825,312508,6647318,31.94,,2-Jun-20,1001,1051.05,950.95,FALSE
HDFCBANK,EQ,3-Jun-20,1001,1020,1046.25,1015.45,1023,1022.25,1029.96,25273067,26030319864,336920,10366214,41.02,,3-Jun-20,1022.25,1073.3625,971.1375,NOTE
HDFCBANK,EQ,4-Jun-20,1022.25,1028.05,1038.95,991.1,995,1001.7,1015.67,27139478,27564675123,406454,9199898,33.9,,4-Jun-20,1001.7,1051.785,951.615,FALSE
HDFCBANK,EQ,5-Jun-20,1001.7,1003.1,1042.4,1002.8,1039.05,1033.35,1022.13,17598103,17987626065,281754,4654447,26.45,,5-Jun-20,1033.35,1085.0175,981.6825,FALSE
HDFCBANK,EQ,8-Jun-20,1033.35,1060,1066.65,1006.4,1016.8,1015.9,1031.68,24906362,25695464732,388541,7761480,31.16,,8-Jun-20,1015.9,1066.695,965.105,FALSE
HDFCBANK,EQ,9-Jun-20,1015.9,1020,1026.75,979.55,984.45,987.3,1004.5,30922894,31062063304,417245,13311975,43.05,,9-Jun-20,987.3,1036.665,937.935,FALSE
HDFCBANK,EQ,10-Jun-20,987.3,990,999.85,978.2,993,991.85,989.98,18248880,18066101469,263364,5264844,28.85,,10-Jun-20,991.85,1041.4425,942.2575,FALSE
HDFCBANK,EQ,11-Jun-20,991.85,985,988.4,965,969.3,968.6,976.14,15449142,15080485301,290542,4276390,27.68,,11-Jun-20,968.6,1017.03,920.17,NOTE
HDFCBANK,EQ,12-Jun-20,968.6,928,986.65,928,977.1,982.75,959.62,21322880,20461954341,329375,5245483,24.6,,12-Jun-20,982.75,1031.8875,933.6125,FALSE
HDFCBANK,EQ,15-Jun-20,982.75,968,974,943,951.75,949.85,954.63,16004973,15278832373,261144,5060470,31.62,,15-Jun-20,949.85,997.3425,902.3575,FALSE
HDFCBANK,EQ,16-Jun-20,949.85,975,993.95,952,989.15,990.4,978.56,22700113,22213351845,318791,6682870,29.44,,16-Jun-20,990.4,1039.92,940.88,FALSE
HDFCBANK,EQ,17-Jun-20,990.4,989,998.9,973.25,978.65,979.25,985.61,18479504,18213663531,263560,3422973,18.52,,17-Jun-20,979.25,1028.2125,930.2875,FALSE
HDFCBANK,EQ,18-Jun-20,979.25,980,1024.9,972,1017.6,1019.95,998.66,20435469,20408019924,283491,4678708,22.9,,18-Jun-20,1019.95,1070.9475,968.9525,NOTE
HDFCBANK,EQ,19-Jun-20,1019.95,1017.95,1043,1012.15,1032.95,1033.35,1029.14,23939324,24637000248,330341,7701114,32.17,,19-Jun-20,1033.35,1085.0175,981.6825,FALSE
HDFCBANK,EQ,22-Jun-20,1033.35,1039.45,1045.95,1023.8,1029,1028.75,1038.22,14847321,15414841315,295528,5244303,35.32,,22-Jun-20,1028.75,1080.1875,977.3125,FALSE
HDFCBANK,EQ,23-Jun-20,1028.75,1039,1045,1016.55,1045,1042.3,1031.23,14415640,14865898484,231379,2430246,43.77,,23-Jun-20,1042.3,1094.415,990.185,FALSE
HDFCBANK,EQ,24-Jun-20,1042.3,1048.5,1057.5,1030.05,1031.95,1032.5,1043.88,19714664,20579739218,356432,9101038,46.16,,24-Jun-20,1032.5,1084.125,980.875,FALSE
HDFCBANK,EQ,25-Jun-20,1032.5,1021.9,1049,1007,1035,1028.75,1026.56,35323457,36261515753,361881,16081355,45.53,,25-Jun-20,1028.75,1080.1875,977.3125,FALSE
HDFCBANK,EQ,26-Jun-20,1028.75,1041,1063,1028,1058.5,1056.45,1041.81,19986677,20822382331,346461,9752080,48.79,,26-Jun-20,1056.45,1109.2725,1003.6275,FALSE
HDFCBANK,EQ,29-Jun-20,1056.45,1037,1082.6,1037,1075.5,1076.05,1058.38,23003725,24346771790,361163,9905945,43.06,,29-Jun-20,1076.05,1129.8525,1022.2475,NOTE
HDFCBANK,EQ,30-Jun-20,1076.05,1074,1078.55,1056.3,1066.45,1065.85,1068.09,17873316,19090256874,282325,7881793,44.1,,30-Jun-20,1065.85,1119.1425,1012.5575,FALSE
HDFCBANK,EQ,1-Jul-20,1065.85,1065.85,1096,1061.3,1079.5,1084.6,1083.32,17423378,18875108749,231200,5258903,30.18,,1-Jul-20,1084.6,1138.83,1030.37,FALSE
HDFCBANK,EQ,2-Jul-20,1084.6,1090.3,1111.25,1085.2,1091.5,1089.4,1098.3,18477248,20293649222,268683,5983962,32.39,,2-Jul-20,1089.4,1143.87,1034.93,FALSE
HDFCBANK,EQ,3-Jul-20,1089.4,1093,1095.8,1070,1075.5,1073.95,1079.3,13798879,14893162921,227183,5292799,38.36,,3-Jul-20,1073.95,1127.6475,1020.2525,FALSE
HDFCBANK,EQ,6-Jul-20,1073.95,1107.95,1119.9,1100,1102.45,1103,1109.16,17779243,19720041008,288861,4833544,27.19,,6-Jul-20,1103,1158.15,1047.85,FALSE
HDFCBANK,EQ,7-Jul-20,1103,1109.4,1111.7,1093.05,1104,1105.15,1101.79,12175425,13414749482,191000,4042030,33.2,,7-Jul-20,1105.15,1160.4075,1049.8925,FALSE
HDFCBANK,EQ,8-Jul-20,1105.15,1107,1124.9,1105,1110.3,1110.35,1115.55,15028412,16765006216,221878,5513315,36.69,,8-Jul-20,1110.35,1165.8675,1054.8325,FALSE
HDFCBANK,EQ,9-Jul-20,1110.35,1118,1129.7,1107.25,1127,1124.95,1121.08,10057717,11275520679,143088,3264951,32.46,,9-Jul-20,1124.95,1181.1975,1068.7025,FALSE
HDFCBANK,EQ,10-Jul-20,1124.95,1117.9,1120,1099.55,1106.65,1105.1,1108.8,8781604,9737028635,161321,2834396,32.28,,10-Jul-20,1105.1,1160.355,1049.845,FALSE
HDFCBANK,EQ,13-Jul-20,1105.1,1109.9,1113,1071.3,1083.55,1080.25,1086.03,14961695,16248881581,265343,6602916,44.13,,13-Jul-20,1080.25,1134.2625,1026.2375,FALSE
HDFCBANK,EQ,14-Jul-20,1080.25,1062.6,1068.9,1050,1061.45,1058.85,1057.27,13306511,14068551634,296972,5053772,37.98,,14-Jul-20,1058.85,1111.7925,1005.9075,FALSE
HDFCBANK,EQ,15-Jul-20,1058.85,1070.2,1079,1050.1,1054.75,1053.15,1066.96,10487246,11189519776,177552,2863921,27.31,,15-Jul-20,1053.15,1105.8075,1000.4925,FALSE
HDFCBANK,EQ,16-Jul-20,1053.15,1053.65,1065.5,1034.1,1059.15,1062.55,1048.11,11831256,12400487286,204641,3383165,28.6,,16-Jul-20,1062.55,1115.6775,1009.4225,FALSE
HDFCBANK,EQ,17-Jul-20,1062.55,1059.05,1104,1058.3,1103.35,1098.45,1080.41,14202933,15345022436,217615,5625701,39.61,,17-Jul-20,1098.45,1153.3725,1043.5275,FALSE
HDFCBANK,EQ,20-Jul-20,1098.45,1135,1152.9,1124.15,1130,1133.05,1138.35,32562064,37067090453,505889,11904108,36.56,,20-Jul-20,1133.05,1189.7025,1076.3975,NOTE
HDFCBANK,EQ,21-Jul-20,1133.05,1152.05,1157.95,1134,1139.9,1138.55,1142.37,23757768,27140071774,281983,14743934,62.06,,21-Jul-20,1138.55,1195.4775,1081.6225,FALSE
HDFCBANK,EQ,22-Jul-20,1138.55,1138.5,1144.5,1117.55,1128,1126.35,1124.94,12359024,13903126763,189616,5835878,47.22,,22-Jul-20,1126.35,1182.6675,1070.0325,FALSE
HDFCBANK,EQ,23-Jul-20,1126.35,1125,1143.9,1116.25,1129.8,1130.4,1133.04,10074805,11415185695,179616,3926642,38.97,,23-Jul-20,1130.4,1186.92,1073.88,FALSE
HDFCBANK,EQ,24-Jul-20,1130.4,1122.9,1122.9,1101.25,1120,1119.1,1112.21,9799222,10898804742,166565,2731880,27.88,,24-Jul-20,1119.1,1175.055,1063.145,FALSE
HDFCBANK,EQ,27-Jul-20,1119.1,1099.85,1103,1075.35,1079.95,1079.5,1084.25,18985167,20584576452,312366,9728035,51.24,,27-Jul-20,1079.5,1133.475,1025.525,FALSE
HDFCBANK,EQ,28-Jul-20,1079.5,1079,1094.4,1059.5,1084.7,1086.65,1080.9,17798330,19238296402,311878,8192969,46.03,,28-Jul-20,1086.65,1140.9825,1032.3175,FALSE
HDFCBANK,EQ,29-Jul-20,1086.65,1081,1088.5,1055.55,1065,1064.6,1072.25,16796652,18010253418,303428,8529553,50.78,,29-Jul-20,1064.6,1117.83,1011.37,NOTE
HDFCBANK,EQ,30-Jul-20,1064.6,1074,1083.65,1046.7,1050.45,1050.65,1064.47,13478951,14347987979,251700,5513933,40.91,,30-Jul-20,1050.65,1103.1825,998.1175,FALSE
HDFCBANK,EQ,31-Jul-20,1050.65,1057.7,1057.7,1020.05,1033.25,1032.8,1031.43,18865230,19458084558,325344,8542845,45.28,,31-Jul-20,1032.8,1084.44,981.16,FALSE
HDFCBANK,EQ,3-Aug-20,1032.8,1025.95,1026.95,993,1005.9,1002,1007.5,15891781,16011037011,343632,7578040,47.69,,3-Aug-20,1002,1052.1,951.9,NOTE
HDFCBANK,EQ,4-Aug-20,1002,1008,1061.05,1003,1040.2,1041.65,1039.32,30153418,31339154328,472527,9249672,30.68,,4-Aug-20,1041.65,1093.7325,989.5675,FALSE
HDFCBANK,EQ,5-Aug-20,1041.65,1047.95,1055.8,1020,1030.95,1027.55,1035.64,16610696,17202655726,270414,4369897,26.31,,5-Aug-20,1027.55,1078.9275,976.1725,FALSE
HDFCBANK,EQ,6-Aug-20,1027.55,1037,1055,1026.25,1041.45,1040.7,1041.75,16823558,17525988624,245766,4443585,26.41,,6-Aug-20,1040.7,1092.735,988.665,FALSE
HDFCBANK,EQ,7-Aug-20,1040.7,1034.85,1047.2,1020.6,1043.85,1043.85,1034.69,12418816,12849598351,178249,3386521,27.27,,7-Aug-20,1043.85,1096.0425,991.6575,FALSE
HDFCBANK,EQ,10-Aug-20,1043.85,1044,1064,1043.8,1052,1050.65,1055.9,11086465,11706189103,166247,4678342,42.2,,10-Aug-20,1050.65,1103.1825,998.1175,FALSE
HDFCBANK,EQ,11-Aug-20,1050.65,1048.5,1071,1048.5,1070.95,1066.65,1062.91,10068150,10701552832,157609,4013321,39.86,,11-Aug-20,1066.65,1119.9825,1013.3175,NOTE
HDFCBANK,EQ,12-Aug-20,1066.65,1065,1066,1048,1063,1063.7,1057.73,10333222,10929750519,158659,2929261,28.35,,12-Aug-20,1063.7,1116.885,1010.515,FALSE
HDFCBANK,EQ,13-Aug-20,1063.7,1067.95,1071.35,1056.5,1060.95,1059.05,1063.05,9946370,10573451443,128692,4863570,48.9,,13-Aug-20,1059.05,1112.0025,1006.0975,FALSE
HDFCBANK,EQ,14-Aug-20,1059.05,1065.9,1065.9,1027.3,1035,1034.45,1047.2,10462350,10956159018,213350,3850560,36.8,,14-Aug-20,1034.45,1086.1725,982.7275,FALSE
HDFCBANK,EQ,17-Aug-20,1034.45,1047,1047,1020.2,1034,1032.75,1031.26,9780591,10086346720,175355,3980368,40.7,,17-Aug-20,1032.75,1084.3875,981.1125,FALSE
HDFCBANK,EQ,18-Aug-20,1032.75,1028,1061.65,1022,1056.6,1056.5,1044.74,12020562,12558337618,193067,3570377,29.7,,18-Aug-20,1056.5,1109.325,1003.675,FALSE
HDFCBANK,EQ,19-Aug-20,1056.5,1065,1069.8,1056.25,1065.95,1066.6,1063.75,8858056,9422741415,157562,3705714,41.83,,19-Aug-20,1066.6,1119.93,1013.27,FALSE
HDFCBANK,EQ,20-Aug-20,1066.6,1054.95,1068.95,1052,1057.35,1059,1059.3,9608591,10178400072,149244,4173695,43.44,,20-Aug-20,1059,1111.95,1006.05,FALSE
HDFCBANK,EQ,21-Aug-20,1059,1065.4,1088.8,1064.6,1085.7,1085.65,1081.52,14462237,15641184569,228261,6064505,41.93,,21-Aug-20,1085.65,1139.9325,1031.3675,FALSE
HDFCBANK,EQ,24-Aug-20,1085.65,1086,1122.95,1085.65,1114.8,1117.05,1112.49,18389929,20458608460,282003,7781401,42.31,,24-Aug-20,1117.05,1172.9025,1061.1975,FALSE
