Symbol,Series,Date,Prev Close,Open Price,High Price,Low Price,Last Price,Close Price,Average Price,Total Traded Quantity,Turnover,No. of Trades,Deliverable Qty,% Dly Qt to Traded Qty,,,Date,Close Price,upperlimit,lowerlimit,label
RELIANCE,EQ,27-Aug-19,1266.8,1285,1285,1261.2,1274.35,1274.85,1272.49,12984396,16522569647,271002,7846459,60.43,,,27-Aug-19,1274.85,1338.5925,1211.1075,
RELIANCE,EQ,28-Aug-19,1274.85,1273.75,1281,1256.05,1260.05,1263.3,1266.27,5305639,6718393215,132293,1838944,34.66,,,28-Aug-19,1263.3,1326.465,1200.135,FALSE
RELIANCE,EQ,29-Aug-19,1263.3,1256.45,1260.25,1235.3,1242.05,1241.75,1247.45,8635974,10772946075,161172,4042596,46.81,,,29-Aug-19,1241.75,1303.8375,1179.6625,FALSE
RELIANCE,EQ,30-Aug-19,1241.75,1245.5,1254.4,1221,1253,1248.55,1237.5,11308120,13993833783,258498,5345295,47.27,,,30-Aug-19,1248.55,1310.9775,1186.1225,FALSE
RELIANCE,EQ,3-Sep-19,1248.55,1242.25,1243,1200,1200.45,1206.4,1222.13,8563009,10465120848,199762,3923254,45.82,,,3-Sep-19,1206.4,1266.72,1146.08,NOTE
RELIANCE,EQ,4-Sep-19,1206.4,1200.55,1205.25,1186.05,1202.4,1201.15,1196,15063355,18015841145,267845,7565881,50.23,,,4-Sep-19,1201.15,1261.2075,1141.0925,FALSE
RELIANCE,EQ,5-Sep-19,1201.15,1206.8,1213.2,1193.3,1193.4,1198.6,1202.7,10512763,12643724991,191114,3254760,30.96,,,5-Sep-19,1198.6,1258.53,1138.67,FALSE
RELIANCE,EQ,6-Sep-19,1198.6,1203,1229,1195.25,1220.5,1222.5,1215.37,10600234,12883178006,211038,3398248,32.06,,,6-Sep-19,1222.5,1283.625,1161.375,FALSE
RELIANCE,EQ,9-Sep-19,1222.5,1220.65,1233,1213.15,1221.7,1222.2,1224.14,5370758,6574555885,126178,1201029,22.36,,,9-Sep-19,1222.2,1283.31,1161.09,FALSE
RELIANCE,EQ,11-Sep-19,1222.2,1222.5,1240,1222.5,1232.05,1234.4,1233.81,5544468,6840842137,141564,1711218,30.86,,,11-Sep-19,1234.4,1296.12,1172.68,FALSE
RELIANCE,EQ,12-Sep-19,1234.4,1235,1240.45,1205.7,1211.5,1210.35,1222.41,5431139,6639105042,133763,1784319,32.85,,,12-Sep-19,1210.35,1270.8675,1149.8325,FALSE
RELIANCE,EQ,13-Sep-19,1210.35,1212,1228.5,1206.9,1226.7,1225.6,1216.36,5919260,7199926784,156260,1873608,31.65,,,13-Sep-19,1225.6,1286.88,1164.32,FALSE
RELIANCE,EQ,16-Sep-19,1225.6,1189,1219.1,1186.1,1210.6,1210.75,1205.64,9393731,11325440053,185168,3647917,38.83,,,16-Sep-19,1210.75,1271.2875,1150.2125,FALSE
RELIANCE,EQ,17-Sep-19,1210.75,1211,1211,1193.5,1196.95,1197.45,1201.83,7150435,8593600264,166672,3189652,44.61,,,17-Sep-19,1197.45,1257.3225,1137.5775,FALSE
RELIANCE,EQ,18-Sep-19,1197.45,1204.95,1216.3,1197.2,1209,1205.7,1205.99,6827281,8233652162,202069,2038379,29.86,,,18-Sep-19,1205.7,1265.985,1145.415,FALSE
RELIANCE,EQ,19-Sep-19,1205.7,1207.85,1209.7,1172.65,1179,1179.05,1189.5,6293454,7486075537,175486,1834750,29.15,,,19-Sep-19,1179.05,1238.0025,1120.0975,FALSE
RELIANCE,EQ,20-Sep-19,1179.05,1187.95,1269.9,1174.3,1254.35,1254.35,1238.4,22019674,27269067452,392062,9257860,42.04,,,20-Sep-19,1254.35,1317.0675,1191.6325,FALSE
RELIANCE,EQ,23-Sep-19,1254.35,1274.15,1281,1235,1236.35,1239.2,1249.95,9879751,12349237345,218447,3446361,34.88,,,23-Sep-19,1239.2,1301.16,1177.24,FALSE
RELIANCE,EQ,24-Sep-19,1239.2,1243.6,1298.8,1242.75,1277.5,1278.7,1282.47,15982067,20496560838,378923,5249582,32.85,,,24-Sep-19,1278.7,1342.635,1214.765,NOTE
RELIANCE,EQ,25-Sep-19,1278.7,1284,1295,1268.85,1280.6,1279.55,1284.48,8316894,10682857321,213332,2502977,30.1,,,25-Sep-19,1279.55,1343.5275,1215.5725,FALSE
RELIANCE,EQ,26-Sep-19,1279.55,1292,1298.8,1283.5,1296.5,1296.8,1293.25,8389212,10849310880,186669,3376852,40.25,,,26-Sep-19,1296.8,1361.64,1231.96,FALSE
RELIANCE,EQ,27-Sep-19,1296.8,1292.5,1315,1284,1307.5,1309.05,1307.46,8712980,11391851166,216408,2511179,28.82,,,27-Sep-19,1309.05,1374.5025,1243.5975,FALSE
RELIANCE,EQ,30-Sep-19,1309.05,1310,1335.75,1305.55,1333.4,1332.25,1322.09,11549746,15269859907,288338,5500331,47.62,,,30-Sep-19,1332.25,1398.8625,1265.6375,FALSE
RELIANCE,EQ,1-Oct-19,1332.25,1337,1342,1293.3,1303.7,1304.9,1320.17,8192597,10815596239,199164,2523507,30.8,,,1-Oct-19,1304.9,1370.145,1239.655,FALSE
RELIANCE,EQ,3-Oct-19,1304.9,1286,1314.7,1281.3,1311.6,1311.05,1305.35,6183107,8071137690,160832,2530785,40.93,,,3-Oct-19,1311.05,1376.6025,1245.4975,FALSE
RELIANCE,EQ,4-Oct-19,1311.05,1319.9,1328.6,1303.85,1307.75,1308.1,1318.17,6853954,9034653712,185130,3099523,45.22,,,4-Oct-19,1308.1,1373.505,1242.695,FALSE
RELIANCE,EQ,7-Oct-19,1308.1,1308.1,1320.8,1301.7,1308.9,1310.1,1312.08,4599818,6035333162,121109,1835479,39.9,,,7-Oct-19,1310.1,1375.605,1244.595,FALSE
RELIANCE,EQ,9-Oct-19,1310.1,1308.7,1329.95,1292.5,1328.7,1324.75,1309.53,8040938,10529814619,182007,3984784,49.56,,,9-Oct-19,1324.75,1390.9875,1258.5125,FALSE
RELIANCE,EQ,10-Oct-19,1324.75,1325,1369,1321,1360.15,1362.75,1356.95,16003744,21716222026,375692,8609946,53.8,,,10-Oct-19,1362.75,1430.8875,1294.6125,NOTE
RELIANCE,EQ,11-Oct-19,1362.75,1363.7,1365.6,1336.55,1350.1,1352.6,1352.25,7587648,10260367695,224923,3400105,44.81,,,11-Oct-19,1352.6,1420.23,1284.97,FALSE
RELIANCE,EQ,14-Oct-19,1352.6,1364.95,1364.95,1350.85,1356.9,1358,1358.27,6123412,8317237659,118992,3590983,58.64,,,14-Oct-19,1358,1425.9,1290.1,FALSE
RELIANCE,EQ,15-Oct-19,1358,1362.5,1370,1354.3,1364.15,1364.15,1364.34,4422075,6033214999,144636,2043101,46.2,,,15-Oct-19,1364.15,1432.3575,1295.9425,FALSE
RELIANCE,EQ,16-Oct-19,1364.15,1369.9,1379.65,1363.7,1374.5,1372.35,1371.43,8870701,12165579724,183051,5663142,63.84,,,16-Oct-19,1372.35,1440.9675,1303.7325,FALSE
RELIANCE,EQ,17-Oct-19,1372.35,1375,1399,1372,1394.95,1396.5,1384.72,7332464,10153421510,164517,3665912,50,,,17-Oct-19,1396.5,1466.325,1326.675,FALSE
RELIANCE,EQ,18-Oct-19,1396.5,1404,1427.9,1398.7,1416,1416.35,1416.38,12856410,18209582126,228083,5482520,42.64,,,18-Oct-19,1416.35,1487.1675,1345.5325,FALSE
RELIANCE,EQ,22-Oct-19,1416.35,1425,1436.85,1403.35,1417.4,1414.15,1420.93,12703054,18050195874,317936,4811890,37.88,,,22-Oct-19,1414.15,1484.8575,1343.4425,FALSE
RELIANCE,EQ,23-Oct-19,1414.15,1416.3,1425.95,1383.15,1394,1392.4,1403.41,8432964,11834877911,214712,3936577,46.68,,,23-Oct-19,1392.4,1462.02,1322.78,FALSE
RELIANCE,EQ,24-Oct-19,1392.4,1401,1441.4,1386.55,1435.1,1436.45,1415.13,10351384,14648603629,247194,3772686,36.45,,,24-Oct-19,1436.45,1508.2725,1364.6275,NOTE
RELIANCE,EQ,25-Oct-19,1436.45,1441.1,1441.45,1411.25,1428.25,1431.2,1426.02,6190013,8827068858,163477,1995488,32.24,,,25-Oct-19,1431.2,1502.76,1359.64,FALSE
RELIANCE,EQ,27-Oct-19,1431.2,1441,1445,1430,1435.5,1434.25,1437.86,1378313,1981825201,39531,347306,25.2,,,27-Oct-19,1434.25,1505.9625,1362.5375,FALSE
RELIANCE,EQ,29-Oct-19,1434.25,1445.5,1480,1442.1,1470.1,1467.05,1465.55,11780494,17264861676,321298,6278189,53.29,,,29-Oct-19,1467.05,1540.4025,1393.6975,FALSE
RELIANCE,EQ,30-Oct-19,1467.05,1480,1484.55,1460.3,1482.6,1479.1,1471.89,7470723,10996072296,259287,4052278,54.24,,,30-Oct-19,1479.1,1553.055,1405.145,FALSE
RELIANCE,EQ,31-Oct-19,1479.1,1484,1489.65,1461.7,1465.1,1464.35,1471.86,8898168,13096851142,193629,4972388,55.88,,,31-Oct-19,1464.35,1537.5675,1391.1325,FALSE
RELIANCE,EQ,1-Nov-19,1464.35,1455,1461.8,1441,1456.15,1456.9,1451.6,6356579,9227241717,236195,3504112,55.13,,,1-Nov-19,1456.9,1529.745,1384.055,FALSE
RELIANCE,EQ,4-Nov-19,1456.9,1465.9,1471,1445.1,1460.65,1457.65,1456.28,6429329,9362882584,203644,3603931,56.05,,,4-Nov-19,1457.65,1530.5325,1384.7675,FALSE
RELIANCE,EQ,5-Nov-19,1457.65,1463.1,1468.95,1441,1447.5,1447.3,1449.21,5799318,8404412066,154824,3229832,55.69,,,5-Nov-19,1447.3,1519.665,1374.935,FALSE
RELIANCE,EQ,6-Nov-19,1447.3,1442.7,1446.45,1428.5,1433,1434.9,1436.25,6686289,9603195009,158809,3953109,59.12,,,6-Nov-19,1434.9,1506.645,1363.155,FALSE
RELIANCE,EQ,7-Nov-19,1434.9,1435,1463,1432.2,1461,1458.6,1448.68,6438749,9327688346,135012,3465630,53.82,,,7-Nov-19,1458.6,1531.53,1385.67,FALSE
RELIANCE,EQ,8-Nov-19,1458.6,1449,1459.65,1441.3,1446,1445.5,1448.5,5494844,7959284446,141759,2437863,44.37,,,8-Nov-19,1445.5,1517.775,1373.225,FALSE
RELIANCE,EQ,11-Nov-19,1445.5,1439.1,1444.25,1422.55,1427.8,1427.8,1431.4,5192423,7432416175,145722,2643548,50.91,,,11-Nov-19,1427.8,1499.19,1356.41,FALSE
RELIANCE,EQ,13-Nov-19,1427.8,1430,1475.9,1430,1469.1,1472.3,1460.74,11532364,16845751337,213111,4972794,43.12,,,13-Nov-19,1472.3,1545.915,1398.685,FALSE
RELIANCE,EQ,14-Nov-19,1472.3,1476,1481.6,1455.8,1458.25,1462.75,1466.92,6518339,9561881077,127557,2601168,39.91,,,14-Nov-19,1462.75,1535.8875,1389.6125,FALSE
RELIANCE,EQ,15-Nov-19,1462.75,1465.65,1486.8,1463.15,1466.8,1470.85,1476.84,7173674,10594340066,152000,3241407,45.18,,,15-Nov-19,1470.85,1544.3925,1397.3075,FALSE
RELIANCE,EQ,18-Nov-19,1470.85,1472.65,1486,1455.4,1460.05,1459.2,1468.4,6435097,9449287322,128242,3180530,49.42,,,18-Nov-19,1459.2,1532.16,1386.24,FALSE
RELIANCE,EQ,19-Nov-19,1459.2,1467,1514.9,1465,1511.55,1509.75,1496.45,13795569,20644325395,285115,4937220,35.79,,,19-Nov-19,1509.75,1585.2375,1434.2625,NOTE
RELIANCE,EQ,20-Nov-19,1509.75,1555.05,1572.4,1543.2,1548.5,1547.65,1559.65,19904164,31043534027,376334,8724272,43.83,,,20-Nov-19,1547.65,1625.0325,1470.2675,FALSE
RELIANCE,EQ,21-Nov-19,1547.65,1545,1556,1528.55,1540.5,1537.6,1538.44,6810577,10477684602,160090,2929568,43.01,,,21-Nov-19,1537.6,1614.48,1460.72,FALSE
RELIANCE,EQ,22-Nov-19,1537.6,1542.1,1569.5,1537.6,1548.05,1546.5,1551.32,10218978,15852947452,200632,4268321,41.77,,,22-Nov-19,1546.5,1623.825,1469.175,FALSE
RELIANCE,EQ,25-Nov-19,1546.5,1551.15,1564.8,1551,1562,1561.55,1559.1,6924313,10795666734,119670,3320341,47.95,,,25-Nov-19,1561.55,1639.6275,1483.4725,FALSE
RELIANCE,EQ,26-Nov-19,1561.55,1568.1,1576.35,1556,1561.2,1560.25,1563.16,16152137,25248383481,218748,11981538,74.18,,,26-Nov-19,1560.25,1638.2625,1482.2375,FALSE
RELIANCE,EQ,27-Nov-19,1560.25,1559.95,1575.5,1556.1,1575.1,1569.85,1564.27,4408336,6895829808,107469,1986795,45.07,,,27-Nov-19,1569.85,1648.3425,1491.3575,FALSE
RELIANCE,EQ,28-Nov-19,1569.85,1572.65,1584.15,1563.95,1582,1580.3,1576.23,6284885,9906407922,163816,2661145,42.34,,,28-Nov-19,1580.3,1659.315,1501.285,FALSE
RELIANCE,EQ,29-Nov-19,1580.3,1581.95,1581.95,1547.85,1553,1551.15,1558.76,8484822,13225831194,237128,5173503,60.97,,,29-Nov-19,1551.15,1628.7075,1473.5925,FALSE
RELIANCE,EQ,2-Dec-19,1551.15,1600,1614.45,1577,1586.9,1586.5,1592.74,14275186,22736671351,273497,6992944,48.99,,,2-Dec-19,1586.5,1665.825,1507.175,NOTE
RELIANCE,EQ,3-Dec-19,1586.5,1592.75,1594,1572.6,1582,1578.9,1580.07,5938786,9383687343,132025,3133860,52.77,,,3-Dec-19,1578.9,1657.845,1499.955,FALSE
RELIANCE,EQ,4-Dec-19,1578.9,1573,1577.5,1533.75,1554.5,1552.7,1551.77,9594828,14888958079,246981,4608716,48.03,,,4-Dec-19,1552.7,1630.335,1475.065,FALSE
RELIANCE,EQ,5-Dec-19,1552.7,1574,1579.75,1544,1551,1550.85,1561.41,9117022,14235446633,217414,3598940,39.47,,,5-Dec-19,1550.85,1628.3925,1473.3075,FALSE
RELIANCE,EQ,6-Dec-19,1550.85,1553,1568,1541.1,1554.5,1554.9,1555.3,5982129,9304004870,127437,1885092,31.51,,,6-Dec-19,1554.9,1632.645,1477.155,FALSE
RELIANCE,EQ,9-Dec-19,1554.9,1556.15,1577.4,1546.5,1572.95,1572.6,1565.26,5779807,9046924671,142669,2531122,43.79,,,9-Dec-19,1572.6,1651.23,1493.97,FALSE
RELIANCE,EQ,10-Dec-19,1572.6,1572.05,1573.6,1554.15,1564.9,1561.95,1561.68,4650906,7263249188,135279,2193614,47.17,,,10-Dec-19,1561.95,1640.0475,1483.8525,FALSE
RELIANCE,EQ,11-Dec-19,1561.95,1555.6,1574.5,1550.6,1561,1562.4,1560.15,5652698,8819046878,159685,2602643,46.04,,,11-Dec-19,1562.4,1640.52,1484.28,FALSE
RELIANCE,EQ,12-Dec-19,1562.4,1570.25,1573.85,1556.65,1571.1,1568.2,1564.76,4720977,7387206060,134048,2509810,53.16,,,12-Dec-19,1568.2,1646.61,1489.79,FALSE
RELIANCE,EQ,13-Dec-19,1568.2,1580,1590,1572.4,1584.05,1582.9,1580.61,5791522,9154160089,138857,2543114,43.91,,,13-Dec-19,1582.9,1662.045,1503.755,FALSE
RELIANCE,EQ,16-Dec-19,1582.9,1592,1593.9,1564.35,1571,1566.6,1575.62,5436951,8566568694,143743,2335358,42.95,,,16-Dec-19,1566.6,1644.93,1488.27,FALSE
RELIANCE,EQ,17-Dec-19,1566.6,1566.75,1579,1555.55,1567,1562.7,1564.71,9291724,14538834628,188391,5268563,56.7,,,17-Dec-19,1562.7,1640.835,1484.565,FALSE
RELIANCE,EQ,18-Dec-19,1562.7,1563,1580,1562,1577.15,1575.85,1569.63,6739582,10578662434,220134,3537553,52.49,,,18-Dec-19,1575.85,1654.6425,1497.0575,FALSE
RELIANCE,EQ,19-Dec-19,1575.85,1573.7,1614.9,1571.8,1613,1609.95,1595.68,9375484,14960269699,194045,4087484,43.6,,,19-Dec-19,1609.95,1690.4475,1529.4525,FALSE
RELIANCE,EQ,20-Dec-19,1609.95,1615,1617.55,1596.1,1600,1599.1,1604.6,9724619,15604131779,164538,4876789,50.15,,,20-Dec-19,1599.1,1679.055,1519.145,FALSE
RELIANCE,EQ,23-Dec-19,1599.1,1560.1,1577.55,1557.8,1570.95,1571.4,1567.33,11478429,17990493040,259306,4767846,41.54,,,23-Dec-19,1571.4,1649.97,1492.83,FALSE
RELIANCE,EQ,24-Dec-19,1571.4,1568.9,1572.05,1542.5,1544.5,1546.45,1555.42,8251144,12833955163,194127,4099215,49.68,,,24-Dec-19,1546.45,1623.7725,1469.1275,FALSE
RELIANCE,EQ,26-Dec-19,1546.45,1541.65,1552.95,1510.15,1515.8,1515.4,1527.47,13605737,20782349005,208335,5789002,42.55,,,26-Dec-19,1515.4,1591.17,1439.63,FALSE
RELIANCE,EQ,27-Dec-19,1515.4,1527,1546.2,1521.3,1542,1542.35,1533.58,8081591,12393781505,160454,2660881,32.93,,,27-Dec-19,1542.35,1619.4675,1465.2325,FALSE
RELIANCE,EQ,30-Dec-19,1542.35,1545.95,1547.65,1528.05,1546.25,1544.2,1538.15,7828402,12041287379,141979,3041526,38.85,,,30-Dec-19,1544.2,1621.41,1466.99,FALSE
RELIANCE,EQ,31-Dec-19,1544.2,1542,1543.7,1508.05,1516,1514.05,1525.14,10150467,15480924274,220938,5044928,49.7,,,31-Dec-19,1514.05,1589.7525,1438.3475,FALSE
RELIANCE,EQ,1-Jan-20,1514.05,1518,1527.1,1505.5,1511.8,1509.6,1515.23,6402372,9701063103,122265,1523290,23.79,,,1-Jan-20,1509.6,1585.08,1434.12,FALSE
RELIANCE,EQ,2-Jan-20,1509.6,1512,1540.95,1512,1534.1,1535.3,1530.86,8096561,12394709676,151727,3386321,41.82,,,2-Jan-20,1535.3,1612.065,1458.535,FALSE
RELIANCE,EQ,3-Jan-20,1535.3,1533,1541.65,1523,1536,1537.15,1532.73,9593498,14704283072,149003,5288843,55.13,,,3-Jan-20,1537.15,1614.0075,1460.2925,FALSE
RELIANCE,EQ,6-Jan-20,1537.15,1520,1527.9,1498,1499.9,1501.5,1512.57,11209343,16954936800,225138,6398638,57.08,,,6-Jan-20,1501.5,1576.575,1426.425,NOTE
RELIANCE,EQ,7-Jan-20,1501.5,1519,1534.5,1513.5,1526.95,1524.6,1523.12,7627191,11617096335,180713,3049916,39.99,,,7-Jan-20,1524.6,1600.83,1448.37,FALSE
RELIANCE,EQ,8-Jan-20,1524.6,1515,1534.45,1510,1514,1513.15,1518.24,7336561,11138643618,169662,2863686,39.03,,,8-Jan-20,1513.15,1588.8075,1437.4925,FALSE
RELIANCE,EQ,9-Jan-20,1513.15,1538.6,1550,1531.25,1549.5,1548,1541.76,6849606,10560431963,154953,2657056,38.79,,,9-Jan-20,1548,1625.4,1470.6,FALSE
RELIANCE,EQ,10-Jan-20,1548,1551.9,1557.95,1539.65,1546.85,1547.65,1549.42,5704686,8838954165,136340,2546462,44.64,,,10-Jan-20,1547.65,1625.0325,1470.2675,FALSE
RELIANCE,EQ,13-Jan-20,1547.65,1545.05,1558.7,1538.4,1539.85,1543.7,1548.94,8358090,12946146807,143022,5030540,60.19,,,13-Jan-20,1543.7,1620.885,1466.515,FALSE
RELIANCE,EQ,14-Jan-20,1543.7,1540,1550,1521.85,1529.1,1529.4,1533.76,7230788,11090262628,173502,3796096,52.5,,,14-Jan-20,1529.4,1605.87,1452.93,FALSE
RELIANCE,EQ,15-Jan-20,1529.4,1535.85,1539.9,1518.25,1524.1,1523.85,1526.75,7231393,11040550715,212172,3990113,55.18,,,15-Jan-20,1523.85,1600.0425,1447.6575,FALSE
RELIANCE,EQ,16-Jan-20,1523.85,1529,1543.35,1528,1538.7,1537.9,1535.41,5873662,9018508367,164724,2552659,43.46,,,16-Jan-20,1537.9,1614.795,1461.005,FALSE
RELIANCE,EQ,17-Jan-20,1537.9,1553.5,1584.95,1553.2,1581,1581,1573,13469708,21187907268,279304,5551881,41.22,,,17-Jan-20,1581,1660.05,1501.95,NOTE
RELIANCE,EQ,20-Jan-20,1581,1609,1609,1526.4,1532.2,1532.35,1557.85,14878868,23179100842,338270,5239886,35.22,,,20-Jan-20,1532.35,1608.9675,1455.7325,FALSE
RELIANCE,EQ,21-Jan-20,1532.35,1528.6,1545.85,1522,1535,1533.9,1535.68,8650831,13284891871,233395,3328773,38.48,,,21-Jan-20,1533.9,1610.595,1457.205,FALSE
RELIANCE,EQ,22-Jan-20,1533.9,1544,1546.75,1531.1,1535.25,1533.35,1538.16,4719245,7258954216,143828,2043807,43.31,,,22-Jan-20,1533.35,1610.0175,1456.6825,FALSE
RELIANCE,EQ,23-Jan-20,1533.35,1536.5,1541.95,1520.7,1529.6,1526.85,1528.79,5142088,7861187151,149239,2364600,45.99,,,23-Jan-20,1526.85,1603.1925,1450.5075,FALSE
RELIANCE,EQ,24-Jan-20,1526.85,1527,1536.35,1518.55,1524.05,1521.55,1525.74,6687633,10203594713,152146,3325568,49.73,,,24-Jan-20,1521.55,1597.6275,1445.4725,FALSE
RELIANCE,EQ,27-Jan-20,1521.55,1514.9,1524.45,1505,1508,1506.55,1513.43,6120429,9262815086,130826,2671210,43.64,,,27-Jan-20,1506.55,1581.8775,1431.2225,FALSE
RELIANCE,EQ,28-Jan-20,1506.55,1508.6,1510,1463.6,1473.5,1471.75,1485.82,11215313,16663988524,271852,6064582,54.07,,,28-Jan-20,1471.75,1545.3375,1398.1625,NOTE
RELIANCE,EQ,29-Jan-20,1471.75,1474.05,1494.4,1464.05,1480,1479.85,1479.34,11313297,16736172828,254760,4513527,39.9,,,29-Jan-20,1479.85,1553.8425,1405.8575,FALSE
RELIANCE,EQ,30-Jan-20,1479.85,1479,1479.7,1440,1443,1443.75,1452.4,10241756,14875116667,231136,4854357,47.4,,,30-Jan-20,1443.75,1515.9375,1371.5625,FALSE
RELIANCE,EQ,31-Jan-20,1443.75,1453,1453.25,1407.2,1410,1411.65,1425.75,15886673,22650374557,330774,8885318,55.93,,,31-Jan-20,1411.65,1482.2325,1341.0675,FALSE
RELIANCE,EQ,1-Feb-20,1411.65,1405.3,1426.95,1371.1,1372,1383.35,1402.89,11022901,15463889562,243212,3263872,29.61,,,1-Feb-20,1383.35,1452.5175,1314.1825,NOTE
RELIANCE,EQ,3-Feb-20,1383.35,1369.9,1399.95,1363.05,1386,1385.5,1380.77,14040626,19386892661,370104,6963618,49.6,,,3-Feb-20,1385.5,1454.775,1316.225,FALSE
RELIANCE,EQ,4-Feb-20,1385.5,1400,1432.5,1397.8,1427.5,1426.4,1419.31,11604666,16470598997,286666,5299061,45.66,,,4-Feb-20,1426.4,1497.72,1355.08,FALSE
RELIANCE,EQ,5-Feb-20,1426.4,1434.9,1452.8,1430.3,1446.3,1448.5,1442.46,8444823,12181350644,242039,3774342,44.69,,,5-Feb-20,1448.5,1520.925,1376.075,FALSE
RELIANCE,EQ,6-Feb-20,1448.5,1454.1,1467,1440.1,1455,1457.8,1452.93,7103715,10321203996,163247,2877846,40.51,,,6-Feb-20,1457.8,1530.69,1384.91,NOTE
RELIANCE,EQ,7-Feb-20,1457.8,1451,1452.35,1428.3,1432,1433.65,1437.06,5581641,8021138869,134128,2493746,44.68,,,7-Feb-20,1433.65,1505.3325,1361.9675,FALSE
RELIANCE,EQ,10-Feb-20,1433.65,1428,1445.5,1410.45,1442.2,1435.6,1424.41,6922631,9860658649,143055,3096467,44.73,,,10-Feb-20,1435.6,1507.38,1363.82,FALSE
RELIANCE,EQ,11-Feb-20,1435.6,1447.4,1466.2,1445.05,1454.5,1452.75,1457.22,6400245,9326549622,224142,2779570,43.43,,,11-Feb-20,1452.75,1525.3875,1380.1125,FALSE
RELIANCE,EQ,12-Feb-20,1452.75,1456.15,1474.85,1455,1473.15,1470.3,1465.86,6187091,9069380788,192511,3063711,49.52,,,12-Feb-20,1470.3,1543.815,1396.785,FALSE
RELIANCE,EQ,13-Feb-20,1470.3,1477.75,1477.75,1462.6,1470.45,1474.15,1470.71,6201763,9120966120,116464,2969412,47.88,,,13-Feb-20,1474.15,1547.8575,1400.4425,FALSE
RELIANCE,EQ,14-Feb-20,1474.15,1477.25,1501.45,1453.1,1485.85,1487.6,1483.41,9704655,14395961760,229509,3144368,32.4,,,14-Feb-20,1487.6,1561.98,1413.22,FALSE
RELIANCE,EQ,17-Feb-20,1487.6,1489,1506.15,1474.3,1478.5,1478.25,1487.62,6011340,8942610639,150631,2236062,37.2,,,17-Feb-20,1478.25,1552.1625,1404.3375,FALSE
RELIANCE,EQ,18-Feb-20,1478.25,1475.9,1475.9,1457.4,1466.9,1467.4,1465.63,5086964,7455603061,142911,2468083,48.52,,,18-Feb-20,1467.4,1540.77,1394.03,FALSE
RELIANCE,EQ,19-Feb-20,1467.4,1479.35,1506.45,1475.1,1504.5,1503.8,1497.34,6438918,9641269217,249278,2453851,38.11,,,19-Feb-20,1503.8,1578.99,1428.61,FALSE
RELIANCE,EQ,20-Feb-20,1503.8,1497,1508,1483.8,1487,1485.95,1495.83,7722577,11551669677,176470,4689093,60.72,,,20-Feb-20,1485.95,1560.2475,1411.6525,FALSE
RELIANCE,EQ,24-Feb-20,1485.95,1469.75,1477,1439.55,1447.1,1444.95,1462.78,9769743,14291004524,237165,6097347,62.41,,,24-Feb-20,1444.95,1517.1975,1372.7025,FALSE
RELIANCE,EQ,25-Feb-20,1444.95,1451.4,1451.4,1410,1420,1416.4,1432.47,12684109,18169572259,281387,8329207,65.67,,,25-Feb-20,1416.4,1487.22,1345.58,FALSE
RELIANCE,EQ,26-Feb-20,1416.4,1410,1412.35,1387.35,1389.5,1392,1399.83,13423661,18790808836,268512,8145083,60.68,,,26-Feb-20,1392,1461.6,1322.4,FALSE
RELIANCE,EQ,27-Feb-20,1392,1388,1393.8,1369,1380.45,1386.25,1381.33,11454300,15822175752,240043,6101634,53.27,,,27-Feb-20,1386.25,1455.5625,1316.9375,FALSE
RELIANCE,EQ,28-Feb-20,1386.25,1354.9,1357,1325,1327,1328.65,1338.96,17973847,24066201012,373466,9944010,55.32,,,28-Feb-20,1328.65,1395.0825,1262.2175,NOTE
RELIANCE,EQ,2-Mar-20,1328.65,1355.1,1369,1301.1,1322,1316.15,1343.4,13486634,18117990645,274282,7208383,53.45,,,2-Mar-20,1316.15,1381.9575,1250.3425,FALSE
RELIANCE,EQ,3-Mar-20,1316.15,1329.7,1353.9,1322,1346.35,1342.85,1339.28,12525809,16775518804,275521,6009681,47.98,,,3-Mar-20,1342.85,1409.9925,1275.7075,FALSE
RELIANCE,EQ,4-Mar-20,1342.85,1352,1353.8,1307.9,1349,1339.7,1331.24,10105782,13453213012,297606,4158028,41.15,,,4-Mar-20,1339.7,1406.685,1272.715,FALSE
RELIANCE,EQ,5-Mar-20,1339.7,1352.2,1357.95,1306,1309.9,1311.15,1327.07,13948324,18510367253,319378,6943317,49.78,,,5-Mar-20,1311.15,1376.7075,1245.5925,FALSE
RELIANCE,EQ,6-Mar-20,1311.15,1270,1288.15,1241.1,1269.85,1271,1271.62,15422068,19610974599,389652,9634796,62.47,,,6-Mar-20,1271,1334.55,1207.45,FALSE
RELIANCE,EQ,9-Mar-20,1271,1240.05,1241,1095,1104.5,1114.15,1143.56,40317808,46105953149,846382,19195053,47.61,,,9-Mar-20,1114.15,1169.8575,1058.4425,NOTE
RELIANCE,EQ,11-Mar-20,1114.15,1108,1178.45,1108,1152,1153.55,1157.92,27237627,31538987521,490124,12424367,45.61,,,11-Mar-20,1153.55,1211.2275,1095.8725,FALSE
RELIANCE,EQ,12-Mar-20,1153.55,1085,1101,1048.7,1059,1063,1076.2,25588170,27538049024,646095,13287100,51.93,,,12-Mar-20,1063,1116.15,1009.85,FALSE
RELIANCE,EQ,13-Mar-20,1063,998,1140,942.4,1116.95,1105.3,1053.35,33509757,35297404438,706395,14587908,43.53,,,13-Mar-20,1105.3,1160.565,1050.035,FALSE
RELIANCE,EQ,16-Mar-20,1105.3,1060.55,1079.7,1005,1012.2,1015.7,1046.83,17594729,18418745886,441083,8819285,50.12,,,16-Mar-20,1015.7,1066.485,964.915,NOTE
RELIANCE,EQ,17-Mar-20,1015.7,1047.25,1060,1003.2,1011.5,1008,1034.68,20777442,21497994559,463953,10596500,51,,,17-Mar-20,1008,1058.4,957.6,FALSE
RELIANCE,EQ,18-Mar-20,1008,1025.3,1035.9,961,976.45,968.5,992.19,20450497,20290776264,499736,8751121,42.79,,,18-Mar-20,968.5,1016.925,920.075,FALSE
RELIANCE,EQ,19-Mar-20,968.5,920.1,967,892.2,917.7,917.7,918.86,28072062,25794360274,636588,13023488,46.39,,,19-Mar-20,917.7,963.585,871.815,NOTE
RELIANCE,EQ,20-Mar-20,917.7,939.5,1034.9,930,1028,1017.95,983.98,28967526,28503444362,589033,12676996,43.76,,,20-Mar-20,1017.95,1068.8475,967.0525,NOTE
RELIANCE,EQ,23-Mar-20,1017.95,916.2,950,875.65,891,884.05,899.32,18593713,16721615106,569206,9759892,52.49,,,23-Mar-20,884.05,928.2525,839.8475,NOTE
RELIANCE,EQ,24-Mar-20,884.05,930,970,895.8,946,943.4,934.85,20919322,19556500214,590891,8384530,40.08,,,24-Mar-20,943.4,990.57,896.23,NOTE
RELIANCE,EQ,25-Mar-20,943.4,963.8,1151.55,963.25,1074,1082.25,1053.49,33433126,35221338455,799060,16920113,50.61,,,25-Mar-20,1082.25,1136.3625,1028.1375,NOTE
RELIANCE,EQ,26-Mar-20,1082.25,1095.8,1116.9,1042.35,1069,1066.2,1074.95,20912934,22480324150,592742,8024956,38.37,,,26-Mar-20,1066.2,1119.51,1012.89,FALSE
RELIANCE,EQ,27-Mar-20,1066.2,1095,1107.3,1046.2,1067.95,1065.6,1070.06,19044644,20378895931,502817,8854044,46.49,,,27-Mar-20,1065.6,1118.88,1012.32,FALSE
RELIANCE,EQ,30-Mar-20,1065.6,1040.6,1074.8,1020,1031.5,1030.45,1044.14,13820286,14430304003,386770,5108078,36.96,,,30-Mar-20,1030.45,1081.9725,978.9275,FALSE
RELIANCE,EQ,31-Mar-20,1030.45,1073.95,1129.8,1048,1100,1113.75,1093.37,20249909,22140676569,506536,8062531,39.82,,,31-Mar-20,1113.75,1169.4375,1058.0625,FALSE
RELIANCE,EQ,1-Apr-20,1113.75,1122.25,1124.6,1045.2,1084,1080.45,1072.84,19017099,20402365414,414675,7771573,40.87,,,1-Apr-20,1080.45,1134.4725,1026.4275,FALSE
RELIANCE,EQ,3-Apr-20,1080.45,1134.45,1134.45,1056.3,1088,1077.45,1077.52,18912044,20378095230,519365,6471589,34.22,,,3-Apr-20,1077.45,1131.3225,1023.5775,FALSE
RELIANCE,EQ,7-Apr-20,1077.45,1102.1,1214,1100,1211,1206.1,1161.27,24859057,28867992304,556669,9176463,36.91,,,7-Apr-20,1206.1,1266.405,1145.795,NOTE
RELIANCE,EQ,8-Apr-20,1206.1,1180,1229,1160,1197,1192.15,1194.6,22803774,27241443068,538577,7545325,33.09,,,8-Apr-20,1207.1,1267.455,1146.745,FALSE
RELIANCE,EQ,9-Apr-20,1192.15,1214,1232.8,1193,1217.75,1219.95,1214.91,15101711,18347214247,368355,4543136,30.08,,,9-Apr-20,1208.1,1268.505,1147.695,FALSE
RELIANCE,EQ,13-Apr-20,1219.95,1203.95,1215,1180,1192.5,1189.15,1191.64,10822871,12896993488,263593,2785395,25.74,,,10-Apr-20,1209.1,1269.555,1148.645,FALSE
RELIANCE,EQ,15-Apr-20,1189.15,1197.05,1236,1143,1157.5,1149.85,1191.73,16147959,19243981631,404270,5315163,32.92,,,15-Apr-20,1149.85,1207.3425,1092.3575,FALSE
RELIANCE,EQ,16-Apr-20,1149.85,1149.85,1187.45,1145,1170,1168.05,1172.19,17123533,20071955512,387003,6815679,39.8,,,16-Apr-20,1168.05,1226.4525,1109.6475,FALSE
RELIANCE,EQ,17-Apr-20,1168.05,1216,1230,1192.65,1229.9,1224,1208.12,15209707,18375116205,322391,5515033,36.26,,,17-Apr-20,1224,1285.2,1162.8,FALSE
RELIANCE,EQ,20-Apr-20,1224,1226,1257,1202,1248.1,1243.8,1228.75,16472339,20240404168,365965,3828855,23.24,,,20-Apr-20,1243.8,1305.99,1181.61,FALSE
RELIANCE,EQ,21-Apr-20,1243.8,1210,1252,1164,1251.5,1237.35,1204.07,28057706,33783478000,573205,8180117,29.15,,,21-Apr-20,1237.35,1299.2175,1175.4825,FALSE
RELIANCE,EQ,22-Apr-20,1237.35,1320,1384.9,1300,1359,1363.6,1341.48,65230894,87505942711,1194059,15175508,23.26,,,22-Apr-20,1363.6,1431.78,1295.42,NOTE
RELIANCE,EQ,23-Apr-20,1363.6,1367.35,1385.85,1353.3,1370.15,1370.9,1369.1,29928331,40974916121,612506,9233839,30.85,,,23-Apr-20,1370.9,1439.445,1302.355,FALSE
RELIANCE,EQ,24-Apr-20,1370.9,1350.15,1494.95,1347.2,1425.8,1417,1431.67,61711388,88350296136,1154959,9965286,16.15,,,24-Apr-20,1417,1487.85,1346.15,FALSE
RELIANCE,EQ,27-Apr-20,1417,1434,1475,1423,1431,1429.75,1448.31,26736512,38722699505,594518,4031654,15.08,,,27-Apr-20,1429.75,1501.2375,1358.2625,FALSE
RELIANCE,EQ,28-Apr-20,1429.75,1450,1455.45,1392.15,1430,1428.15,1421.22,35866381,50974111341,746066,7100366,19.8,,,28-Apr-20,1428.15,1499.5575,1356.7425,FALSE
RELIANCE,EQ,29-Apr-20,1428.15,1444.9,1453.65,1420,1427,1426.95,1436.42,17141540,24622404116,389293,4350009,25.38,,,29-Apr-20,1426.95,1498.2975,1355.6025,FALSE
RELIANCE,EQ,30-Apr-20,1426.95,1453.95,1494.95,1438.05,1464,1466,1467.88,32617901,47879255960,663204,9287707,28.47,,,30-Apr-20,1466,1539.3,1392.7,NOTE
RELIANCE,EQ,4-May-20,1466,1440,1465,1417.45,1435,1435.2,1442.94,24439240,35264364751,544309,8018280,32.81,,,4-May-20,1435.2,1506.96,1363.44,FALSE
RELIANCE,EQ,5-May-20,1435.2,1453.7,1479,1447.2,1462.65,1460.65,1464.23,20528706,30058697949,412545,4924874,23.99,,,5-May-20,1460.65,1533.6825,1387.6175,FALSE
RELIANCE,EQ,6-May-20,1460.65,1464,1484.95,1445.5,1461.5,1460.75,1468.54,18510304,27183196663,425042,4155906,22.45,,,6-May-20,1460.75,1533.7875,1387.7125,FALSE
RELIANCE,EQ,7-May-20,1460.75,1455,1513.65,1445,1512,1506.95,1484.86,22871529,33961065997,465254,5286803,23.12,,,7-May-20,1506.95,1582.2975,1431.6025,FALSE
RELIANCE,EQ,8-May-20,1506.95,1545,1579.9,1537.1,1559.45,1561.8,1560.62,38522385,60118628771,727915,12438706,32.29,,,8-May-20,1561.8,1639.89,1483.71,NOTE
RELIANCE,EQ,11-May-20,1561.8,1580,1615,1572.3,1575,1576.8,1592.89,30670404,48854566348,576001,11723342,38.22,,,11-May-20,1576.8,1655.64,1497.96,FALSE
RELIANCE,EQ,12-May-20,1576.8,1564.8,1568.35,1465,1486.45,1479.25,1511.39,46029119,69568011663,807575,18435434,40.05,,,12-May-20,1479.25,1553.2125,1405.2875,NOTE
RELIANCE,EQ,13-May-20,1479.25,1527,1527,1454,1492.5,1496.45,1481.1,30658051,45407632804,615366,6403617,20.89,,,13-May-20,1496.45,1571.2725,1421.6275,FALSE
RELIANCE,EQ,14-May-20,1496.45,1469,1496.7,1430.05,1437,1435.95,1457.61,22736714,33141191470,494402,7400518,32.55,,,14-May-20,1435.95,1507.7475,1364.1525,NOTE
RELIANCE,EQ,15-May-20,1435.95,1444,1466.7,1415.1,1453.2,1459.4,1439.85,28683432,41299828010,592403,7448167,25.97,,,15-May-20,1459.4,1532.37,1386.43,NOTE
RELIANCE,EQ,18-May-20,1459.4,1470,1482,1428,1442.55,1440.75,1452.86,28981620,42106270200,575336,5396937,18.62,,,18-May-20,1440.75,1512.7875,1368.7125,NOTE
RELIANCE,EQ,19-May-20,1440.75,1457,1461.7,1403.25,1409.1,1408.9,1436.68,19529216,28057214575,424987,4452799,22.8,,,19-May-20,1408.9,1479.345,1338.455,NOTE
RELIANCE,EQ,20-May-20,1408.9,1410,1446.85,1393,1437.4,1433.7,1426.52,25530692,36419940582,446373,6638736,26,,,20-May-20,1433.7,1505.385,1362.015,NOTE
RELIANCE,EQ,21-May-20,1433.7,1435,1461.45,1425,1440,1441.25,1443.94,18077196,26102458753,353235,5286704,29.25,,,21-May-20,1441.25,1513.3125,1369.1875,NOTE
RELIANCE,EQ,22-May-20,1441.25,1451.8,1458,1426.5,1433,1431.55,1442.31,17458503,25180593225,388907,4083814,23.39,,,22-May-20,1431.55,1503.1275,1359.9725,NOTE
RELIANCE,EQ,26-May-20,1431.55,1448.15,1449.7,1416.3,1426,1424.05,1428.7,15330793,21903166112,341795,7437964,48.52,,,26-May-20,1424.05,1495.2525,1352.8475,NOTE
RELIANCE,EQ,27-May-20,1424.05,1431,1454,1412,1449.85,1445.55,1430.2,16460764,23542230514,348477,6524302,39.64,,,27-May-20,1445.55,1517.8275,1373.2725,
RELIANCE,EQ,28-May-20,1445.55,1455,1479.75,1449,1471.05,1472.25,1467.5,18519252,27176980636,405603,8377100,45.23,,,28-May-20,1472.25,1545.8625,1398.6375,
RELIANCE,EQ,29-May-20,1472.25,1468,1472,1452.65,1470,1464.4,1462.79,18471770,27020285851,300018,10292573,55.72,,,29-May-20,1464.4,1537.62,1391.18,
RELIANCE,EQ,1-Jun-20,1464.4,1480,1538.35,1475.95,1521.9,1520.35,1512.99,18434065,27890475620,354436,5711151,30.98,,,1-Jun-20,1520.35,1596.3675,1444.3325,
RELIANCE,EQ,2-Jun-20,1520.35,1526,1540,1520.8,1537.95,1535.7,1531.68,10224102,15660044884,224472,3522633,34.45,,,2-Jun-20,1535.7,1612.485,1458.915,
RELIANCE,EQ,3-Jun-20,1535.7,1545,1560,1533.35,1543,1541.65,1543.74,11713666,18082824556,227825,5197313,44.37,,,3-Jun-20,1541.65,1618.7325,1464.5675,
RELIANCE,EQ,4-Jun-20,1541.65,1544,1589.5,1541,1576,1579.8,1570.24,15784612,24785560881,356122,4083577,25.87,,,4-Jun-20,1579.8,1658.79,1500.81,
RELIANCE,EQ,5-Jun-20,1579.8,1595,1618,1573.7,1579.2,1581.7,1596.41,15270435,24377905392,339237,3362416,22.02,,,5-Jun-20,1581.7,1660.785,1502.615,
RELIANCE,EQ,8-Jun-20,1581.7,1618.4,1618.4,1565,1571.8,1569.5,1588.27,14498055,23026897487,322987,3584176,24.72,,,8-Jun-20,1569.5,1647.975,1491.025,
RELIANCE,EQ,9-Jun-20,1569.5,1560.3,1583,1533,1535.9,1537.15,1555.91,11934073,18568335407,307011,2953746,24.75,,,9-Jun-20,1537.15,1614.0075,1460.2925,
RELIANCE,EQ,10-Jun-20,1537.15,1543.1,1579.55,1540.05,1575,1572.15,1556.73,10214426,15901058051,262174,2815033,27.56,,,10-Jun-20,1572.15,1650.7575,1493.5425,
RELIANCE,EQ,11-Jun-20,1572.15,1566,1567.95,1531,1538.8,1537.7,1546.33,9408283,14548302925,269490,3034020,32.25,,,11-Jun-20,1537.7,1614.585,1460.815,
RELIANCE,EQ,12-Jun-20,1537.7,1500,1593,1497,1588.7,1588.8,1552.68,17790565,27623018098,337575,4514688,25.38,,,12-Jun-20,1588.8,1668.24,1509.36,
RELIANCE,EQ,15-Jun-20,1588.8,1565,1626.95,1561.1,1612.3,1614.55,1593.39,24509162,39052737199,467105,5136354,20.96,,,15-Jun-20,1614.55,1695.2775,1533.8225,
RELIANCE,EQ,16-Jun-20,1614.55,1643,1648.55,1585.3,1614.05,1617.7,1617.17,23623299,38202982643,424919,5774484,24.44,,,16-Jun-20,1617.7,1698.585,1536.815,
RELIANCE,EQ,17-Jun-20,1617.7,1608.25,1635.45,1602.1,1611.85,1615.35,1618.64,19282519,31211518938,299203,7420780,38.48,,,17-Jun-20,1615.35,1696.1175,1534.5825,
RELIANCE,EQ,18-Jun-20,1615.35,1607,1665,1605.6,1662.9,1655.9,1636.4,18677694,30564098283,327308,7786788,41.69,,,18-Jun-20,1655.9,1738.695,1573.105,
RELIANCE,EQ,19-Jun-20,1655.9,1670,1788.8,1662,1763.2,1759.4,1727.35,48828852,84344321447,752773,15752717,32.26,,,19-Jun-20,1759.4,1847.37,1671.43,
RELIANCE,EQ,22-Jun-20,1759.4,1773.4,1804.2,1735,1752.5,1746.15,1771.18,27781772,49206651889,613265,7287358,26.23,,,22-Jun-20,1746.15,1833.4575,1658.8425,
RELIANCE,EQ,23-Jun-20,1746.15,1750,1763.75,1716.1,1721.7,1720.9,1731.86,17521196,30344310522,400333,2789706,34.87,,,23-Jun-20,1720.9,1806.945,1634.855,
RELIANCE,EQ,24-Jun-20,1720.9,1735.9,1772.7,1711.7,1732.5,1727.85,1739.65,23808524,41418523475,488048,5829283,24.48,,,24-Jun-20,1727.85,1814.2425,1641.4575,
RELIANCE,EQ,25-Jun-20,1727.85,1727,1749,1713.05,1719,1717.9,1728.41,18312705,31651803893,318478,6775567,37,,,25-Jun-20,1717.9,1803.795,1632.005,
RELIANCE,EQ,26-Jun-20,1717.9,1728.8,1752,1717,1750,1741.65,1731.91,14270695,24715505751,279769,5042368,35.33,,,26-Jun-20,1741.65,1828.7325,1654.5675,
RELIANCE,EQ,29-Jun-20,1741.65,1728.05,1739.75,1715.55,1722.7,1723.15,1724.38,11825126,20391055541,225499,4609009,38.98,,,29-Jun-20,1723.15,1809.3075,1636.9925,
RELIANCE,EQ,30-Jun-20,1723.15,1737,1741,1695.55,1707.5,1704.1,1718.1,13973038,24007093966,277133,5567451,39.84,,,30-Jun-20,1704.1,1789.305,1618.895,
RELIANCE,EQ,1-Jul-20,1704.1,1720,1749,1708.05,1736.25,1737.6,1730.01,13136706,22726570311,256982,3073568,23.4,,,1-Jul-20,1737.6,1824.48,1650.72,
RELIANCE,EQ,2-Jul-20,1737.6,1743,1767.6,1735.05,1759.5,1760.35,1755.2,13286760,23320864112,262833,3239259,24.38,,,2-Jul-20,1760.35,1848.3675,1672.3325,
RELIANCE,EQ,3-Jul-20,1760.35,1779.8,1793,1768,1788,1787.9,1781.69,13584004,24202508200,254096,3420711,25.18,,,3-Jul-20,1787.9,1877.295,1698.505,
RELIANCE,EQ,6-Jul-20,1787.9,1805,1858,1792.1,1855,1851.8,1832.66,21698149,39765301081,442095,5644923,26.02,,,6-Jul-20,1851.8,1944.39,1759.21,
RELIANCE,EQ,7-Jul-20,1851.8,1860,1864.35,1806.3,1822.15,1823.45,1831.78,16240102,29748224129,386666,4751023,29.25,,,7-Jul-20,1823.45,1914.6225,1732.2775,
RELIANCE,EQ,8-Jul-20,1823.45,1824.05,1834.95,1790,1795.4,1798,1812.33,12093523,21917489259,285951,4348610,35.96,,,8-Jul-20,1798,1887.9,1708.1,
RELIANCE,EQ,9-Jul-20,1798,1809,1835,1786.25,1826.75,1824.25,1813.36,16807403,30477877600,352813,4527046,26.93,,,9-Jul-20,1824.25,1915.4625,1733.0375,
RELIANCE,EQ,10-Jul-20,1824.25,1828.5,1884.6,1824.25,1880.2,1878.05,1859.58,20195490,37555184972,455198,4248376,21.04,,,10-Jul-20,1878.05,1971.9525,1784.1475,
RELIANCE,EQ,13-Jul-20,1878.05,1903.35,1947.7,1900,1938.7,1935,1927.07,32124397,61905840823,615947,6448206,20.07,,,13-Jul-20,1935,2031.75,1838.25,
RELIANCE,EQ,14-Jul-20,1935,1934,1941.7,1887.3,1915,1917,1917.96,31073591,59597787129,569875,8520789,27.42,,,14-Jul-20,1917,2012.85,1821.15,
RELIANCE,EQ,15-Jul-20,1917,1937.95,1978.8,1798,1842.35,1844,1917.63,64458598,1.24E+11,1285533,10789672,16.74,,,15-Jul-20,1844,1936.2,1751.8,
RELIANCE,EQ,16-Jul-20,1844,1847,1869,1812.45,1842.05,1843.4,1844.01,28133993,51879421166,543130,6562839,23.33,,,16-Jul-20,1843.4,1935.57,1751.23,
RELIANCE,EQ,17-Jul-20,1843.4,1845,1920,1838,1916,1911.7,1876.25,22949535,43059161082,487421,4591431,20.01,,,17-Jul-20,1911.7,2007.285,1816.115,
RELIANCE,EQ,20-Jul-20,1911.7,1917.8,1932,1899.65,1921.95,1919.9,1916.93,16887752,32372604466,339625,3836078,22.72,,,20-Jul-20,1919.9,2015.895,1823.905,
RELIANCE,EQ,21-Jul-20,1919.9,1939,1977,1936.5,1973.5,1971.55,1962.43,19463498,38195689330,375090,5672596,29.14,,,21-Jul-20,1971.55,2070.1275,1872.9725,
RELIANCE,EQ,22-Jul-20,1971.55,1983,2010,1960.7,2004,2004,1993.46,27584769,54989120617,547567,8711054,31.58,,,22-Jul-20,2004,2104.2,1903.8,
RELIANCE,EQ,23-Jul-20,2004,2003.95,2079.7,1991.35,2076,2057.8,2035.95,26921058,54810058388,498584,9589647,35.62,,,23-Jul-20,2057.8,2160.69,1954.91,
RELIANCE,EQ,24-Jul-20,2057.8,2058,2163,2057.8,2148.4,2146.15,2128.53,55656793,1.18E+11,1078097,12522509,22.5,,,24-Jul-20,2146.15,2253.4575,2038.8425,
RELIANCE,EQ,27-Jul-20,2146.15,2178.8,2198.8,2127.9,2154.95,2156.2,2169.68,37060949,80410276312,781374,5262824,14.2,,,27-Jul-20,2156.2,2264.01,2048.39,
RELIANCE,EQ,28-Jul-20,2156.2,2156.2,2194,2150.65,2177,2177.7,2175.67,25435618,55339580394,528044,5577191,21.93,,,28-Jul-20,2177.7,2286.585,2068.815,
RELIANCE,EQ,29-Jul-20,2177.7,2177.9,2182.8,2070.45,2092,2096.65,2124.29,33536361,71241119090,738739,9443206,28.16,,,29-Jul-20,2096.65,2201.4825,1991.8175,
RELIANCE,EQ,30-Jul-20,2096.65,2099,2139.7,2072,2101.9,2108.85,2111.03,33624516,70982380956,663693,6855972,20.39,,,30-Jul-20,2108.85,2214.2925,2003.4075,
RELIANCE,EQ,31-Jul-20,2108.85,2114.5,2129,2052.8,2070,2067.1,2077.02,34593375,71851185920,748942,9000404,26.02,,,31-Jul-20,2067.1,2170.455,1963.745,
RELIANCE,EQ,3-Aug-20,2067.1,2051.3,2057,2003.1,2007.65,2009,2029.05,21560137,43746668081,515571,6839066,31.72,,,3-Aug-20,2009,2109.45,1908.55,
RELIANCE,EQ,4-Aug-20,2009,2020.6,2167,2000.25,2158.4,2150.6,2098.08,42477225,89120494925,827312,7253795,17.08,,,4-Aug-20,2150.6,2258.13,2043.07,
RELIANCE,EQ,5-Aug-20,2150.6,2169,2196,2118.3,2132.1,2126.45,2153.72,34405886,74100545222,704272,3949479,11.48,,,5-Aug-20,2126.45,2232.7725,2020.1275,
RELIANCE,EQ,6-Aug-20,2126.45,2157,2167.7,2107.8,2136.55,2134.1,2139.59,22762726,48702811222,468092,3095157,13.6,,,6-Aug-20,2134.1,2240.805,2027.395,
RELIANCE,EQ,7-Aug-20,2134.1,2129.8,2157.8,2120.2,2146,2146.45,2141.31,15222384,32595833726,329099,3705643,24.34,,,7-Aug-20,2146.45,2253.7725,2039.1275,
RELIANCE,EQ,10-Aug-20,2146.45,2159.1,2165,2108.1,2121.6,2119.85,2136.58,12441939,26583161119,300073,2893247,23.25,,,10-Aug-20,2119.85,2225.8425,2013.8575,
RELIANCE,EQ,11-Aug-20,2119.85,2134.8,2160,2100.35,2132.85,2133.8,2133.3,21611359,46103431136,491594,4174558,19.32,,,11-Aug-20,2133.8,2240.49,2027.11,
RELIANCE,EQ,12-Aug-20,2133.8,2121,2145,2106.8,2126.55,2127.6,2129.79,13967529,29747858193,308155,2213804,15.85,,,12-Aug-20,2127.6,2233.98,2021.22,
RELIANCE,EQ,13-Aug-20,2127.6,2128,2138.9,2110,2125.8,2122.05,2122.69,11459251,24324473969,266729,3601994,31.43,,,13-Aug-20,2122.05,2228.1525,2015.9475,
RELIANCE,EQ,14-Aug-20,2122.05,2122.55,2157,2089.25,2112,2113.8,2129.96,15333759,32660268152,346390,2362119,15.4,,,14-Aug-20,2113.8,2219.49,2008.11,
RELIANCE,EQ,17-Aug-20,2113.8,2105,2105,2070.1,2094.05,2091.35,2085.65,14297224,29819054668,324590,2115024,14.79,,,17-Aug-20,2091.35,2195.9175,1986.7825,
RELIANCE,EQ,18-Aug-20,2091.35,2085,2134.3,2082.35,2120.2,2118.55,2118.58,14097932,29867537549,281219,2559498,18.16,,,18-Aug-20,2118.55,2224.4775,2012.6225,
RELIANCE,EQ,19-Aug-20,2118.55,2141,2154,2121.35,2137,2131.55,2137.37,15731409,33623807599,288995,2518453,16.01,,,19-Aug-20,2131.55,2238.1275,2024.9725,
RELIANCE,EQ,20-Aug-20,2131.55,2120,2123.9,2088,2098.6,2097.05,2109.01,10402292,21938504436,267102,2363592,22.72,,,20-Aug-20,2097.05,2201.9025,1992.1975,
RELIANCE,EQ,21-Aug-20,2097.05,2118,2122,2077,2084.75,2081.85,2096.99,11667281,24466208120,296981,2236600,19.17,,,21-Aug-20,2081.85,2185.9425,1977.7575,
RELIANCE,EQ,24-Aug-20,2081.85,2091.4,2104.5,2070.5,2099.95,2095.75,2090.25,15099030,31560709786,323471,2697292,17.86,,,24-Aug-20,2095.75,2200.5375,1990.9625,
RELIANCE,EQ,25-Aug-20,2095.75,2106,2111.3,2078,2082,2082.1,2089.41,8947709,18695434041,202929,2014450,22.51,,,25-Aug-20,2082.1,2186.205,1977.995,
